timestamp,session,test_label,ping_latency_ms,ping_jitter_ms,ping_loss_%
2025-11-12T22:19:59.276110,1,VPN_ON,15.10,0.00,0.00
2025-11-12T22:20:00.252454,1,VPN_ON,10.60,0.28,0.00
2025-11-12T22:20:01.252663,1,VPN_ON,11.00,0.29,0.00
2025-11-12T22:20:02.261960,1,VPN_ON,20.80,0.88,0.00
2025-11-12T22:20:03.251324,1,VPN_ON,11.80,1.39,0.00
2025-11-12T22:20:04.250690,1,VPN_ON,11.20,1.34,0.00
2025-11-12T22:20:05.256407,1,VPN_ON,15.60,1.53,0.00
2025-11-12T22:20:06.252258,1,VPN_ON,10.90,1.73,0.00
2025-11-12T22:20:07.254552,1,VPN_ON,12.70,1.73,0.00
2025-11-12T22:20:08.253755,1,VPN_ON,11.30,1.71,0.00
2025-11-12T22:20:09.254338,1,VPN_ON,10.50,1.66,0.00
2025-11-12T22:20:10.255667,1,VPN_ON,12.10,1.65,0.00
2025-11-12T22:20:11.259620,1,VPN_ON,15.00,1.73,0.00
2025-11-12T22:20:12.257705,1,VPN_ON,12.10,1.80,0.00
2025-11-12T22:20:13.258838,1,VPN_ON,12.10,1.69,0.00
2025-11-12T22:20:14.268177,1,VPN_ON,20.50,2.11,0.00
2025-11-12T22:20:15.259607,1,VPN_ON,11.40,2.55,0.00
2025-11-12T22:20:16.262209,1,VPN_ON,12.70,2.47,0.00
2025-11-12T22:20:17.263626,1,VPN_ON,13.30,2.35,0.00
2025-11-12T22:20:18.263821,1,VPN_ON,12.20,2.27,0.00
2025-11-12T22:20:19.266511,1,VPN_ON,13.50,2.21,0.00
2025-11-12T22:20:20.267190,1,VPN_ON,13.60,2.08,0.00
2025-11-12T22:20:21.270234,1,VPN_ON,16.10,2.11,0.00
2025-11-12T22:20:22.267513,1,VPN_ON,12.20,2.22,0.00
2025-11-12T22:20:24.773394,1,VPN_ON,11.40,2.13,0.00
2025-11-12T22:20:25.777062,1,VPN_ON,13.60,2.14,0.00
2025-11-12T22:20:26.777501,1,VPN_ON,12.30,2.08,0.00
2025-11-12T22:20:27.779112,1,VPN_ON,12.50,1.97,0.00
2025-11-12T22:20:28.783591,1,VPN_ON,15.30,2.02,0.00
2025-11-12T22:20:29.784148,1,VPN_ON,14.60,1.94,0.00
2025-11-12T22:20:30.783923,1,VPN_ON,12.70,1.93,0.00
2025-11-12T22:20:31.784178,1,VPN_ON,12.80,1.82,0.00
2025-11-12T22:20:32.813432,1,VPN_ON,41.70,3.51,0.00
2025-11-12T22:20:34.823941,1,VPN_ON,12.10,5.14,0.00
2025-11-12T22:20:35.862158,1,VPN_ON,49.40,7.15,0.00
2025-11-12T22:20:36.825704,1,VPN_ON,13.80,8.93,0.00
2025-11-12T22:20:37.886266,1,VPN_ON,73.60,12.11,0.00
2025-11-12T22:20:38.879819,1,VPN_ON,68.60,11.66,0.00
2025-11-12T22:20:39.879054,1,VPN_ON,70.10,11.03,0.00
2025-11-12T22:20:40.873358,1,VPN_ON,68.40,10.45,0.00
2025-11-12T22:20:41.873695,1,VPN_ON,72.40,10.04,0.00
2025-11-12T22:20:42.888355,1,VPN_ON,91.00,10.58,0.00
2025-11-12T22:20:43.876410,1,VPN_ON,84.40,10.33,0.00
2025-11-12T22:20:44.853522,1,VPN_ON,66.10,10.83,0.00
2025-11-12T22:20:45.797095,1,VPN_ON,13.60,13.43,0.00
2025-11-12T22:20:46.802732,1,VPN_ON,18.60,12.91,0.00
2025-11-12T22:20:47.867447,1,VPN_ON,82.80,16.11,0.00
2025-11-12T22:20:48.846991,1,VPN_ON,63.50,16.31,0.00
2025-11-12T22:20:49.853636,1,VPN_ON,70.70,15.74,0.00
2025-11-12T22:20:50.862632,1,VPN_ON,81.10,15.41,0.00
2025-11-12T22:20:51.865532,1,VPN_ON,85.90,14.74,0.00
2025-11-12T22:20:52.834425,1,VPN_ON,56.90,15.64,0.00
2025-11-12T22:20:53.846358,1,VPN_ON,69.80,15.46,0.00
2025-11-12T22:20:54.848355,1,VPN_ON,73.20,14.71,0.00
2025-11-12T22:20:55.832570,1,VPN_ON,60.70,14.57,0.00
2025-11-12T22:20:58.106824,1,VPN_ON,1336.00,93.37,0.00
2025-11-12T22:20:59.099601,1,VPN_ON,63.90,167.04,0.00
2025-11-12T22:21:00.103350,1,VPN_ON,68.70,156.90,0.00
2025-11-12T22:21:01.120334,1,VPN_ON,87.10,148.24,0.00
2025-11-12T22:21:02.129804,1,VPN_ON,98.50,139.69,0.00
2025-11-12T22:21:03.176530,1,VPN_ON,148.00,134.05,0.00
2025-11-12T22:21:04.112975,1,VPN_ON,88.40,129.40,0.00
2025-11-12T22:21:05.110722,1,VPN_ON,88.10,121.33,0.00
2025-11-12T22:21:06.090594,1,VPN_ON,75.90,114.51,0.00
2025-11-12T22:21:07.085272,1,VPN_ON,77.90,107.48,0.00
2025-11-12T22:21:08.124064,1,VPN_ON,124.00,103.64,0.00
2025-11-12T22:21:09.062648,1,VPN_ON,76.40,100.14,0.00
2025-11-12T22:21:10.030461,1,VPN_ON,51.60,95.43,0.00
2025-11-12T22:21:11.026587,1,VPN_ON,48.20,89.68,0.00
2025-11-12T22:21:12.044179,1,VPN_ON,65.60,85.16,0.00
2025-11-12T22:21:13.045765,1,VPN_ON,67.90,79.98,0.00
2025-11-12T22:21:14.046287,1,VPN_ON,69.70,75.10,0.00
2025-11-12T22:21:15.045468,1,VPN_ON,70.30,70.44,0.00
2025-11-12T22:21:16.037883,1,VPN_ON,64.80,66.38,0.00
2025-11-12T22:21:17.048543,1,VPN_ON,76.70,62.98,0.00
2025-11-12T22:21:18.059174,1,VPN_ON,89.80,59.86,0.00
2025-11-12T22:21:19.022078,1,VPN_ON,55.10,58.29,0.00
2025-11-12T22:21:20.035309,1,VPN_ON,69.20,55.52,0.00
2025-11-12T22:21:21.042674,1,VPN_ON,78.30,52.62,0.00
2025-11-12T22:21:22.038933,1,VPN_ON,76.30,49.46,0.00
2025-11-12T22:21:22.981177,1,VPN_ON,20.20,49.87,0.00
2025-11-12T22:21:24.018672,1,VPN_ON,57.60,49.09,0.00
2025-11-12T22:21:24.979269,1,VPN_ON,18.70,48.46,0.00
2025-11-12T22:23:33.245148,2,VPN_ON,15.10,0.00,0.00
2025-11-12T22:23:34.233185,2,VPN_ON,18.20,0.19,0.00
2025-11-12T22:23:35.226868,2,VPN_ON,12.40,0.54,0.00
2025-11-12T22:23:36.228806,2,VPN_ON,13.50,0.58,0.00
2025-11-12T22:23:37.227816,2,VPN_ON,11.90,0.64,0.00
2025-11-12T22:23:38.230486,2,VPN_ON,13.50,0.70,0.00
2025-11-12T22:23:39.228891,2,VPN_ON,11.30,0.80,0.00
2025-11-12T22:23:40.230699,2,VPN_ON,11.60,0.77,0.00
2025-11-12T22:23:41.230426,2,VPN_ON,11.40,0.73,0.00
2025-11-12T22:23:42.230010,2,VPN_ON,10.60,0.73,0.00
2025-11-12T22:23:43.232070,2,VPN_ON,12.00,0.78,0.00
2025-11-12T22:23:44.240847,2,VPN_ON,20.10,1.23,0.00
2025-11-12T22:23:46.590542,2,VPN_ON,13.50,1.57,0.00
2025-11-12T22:23:47.588806,2,VPN_ON,11.60,1.59,0.00
2025-11-12T22:23:48.591712,2,VPN_ON,14.60,1.68,0.00
2025-11-12T22:23:49.589774,2,VPN_ON,11.90,1.74,0.00
2025-11-12T22:23:50.590662,2,VPN_ON,11.70,1.65,0.00
2025-11-12T22:23:51.590383,2,VPN_ON,10.60,1.61,0.00
2025-11-12T22:23:52.593339,2,VPN_ON,12.90,1.65,0.00
2025-11-12T22:23:53.592561,2,VPN_ON,11.20,1.66,0.00
2025-11-12T22:23:54.598887,2,VPN_ON,16.60,1.89,0.00
2025-11-12T22:23:55.594744,2,VPN_ON,11.90,2.07,0.00
2025-11-12T22:23:56.594956,2,VPN_ON,11.10,1.99,0.00
2025-11-12T22:23:57.596803,2,VPN_ON,12.70,1.96,0.00
2025-11-12T22:23:58.600945,2,VPN_ON,16.90,2.10,0.00
2025-11-12T22:23:59.595665,2,VPN_ON,11.00,2.34,0.00
2025-11-12T22:24:00.599678,2,VPN_ON,14.60,2.42,0.00
2025-11-12T22:24:01.597006,2,VPN_ON,11.10,2.49,0.00
2025-11-12T22:24:02.600835,2,VPN_ON,13.80,2.50,0.00
2025-11-12T22:24:03.599448,2,VPN_ON,11.60,2.48,0.00
2025-11-12T22:24:04.599899,2,VPN_ON,11.40,2.34,0.00
2025-11-12T22:24:05.602990,2,VPN_ON,14.20,2.37,0.00
2025-11-12T22:24:06.603491,2,VPN_ON,13.60,2.26,0.00
2025-11-12T22:24:07.685832,2,VPN_ON,95.70,7.25,0.00
2025-11-12T22:24:08.645840,2,VPN_ON,59.00,9.09,0.00
2025-11-12T22:24:10.653519,2,VPN_ON,12.00,11.46,0.00
2025-11-12T22:24:11.653845,2,VPN_ON,11.40,10.78,0.00
2025-11-12T22:24:12.654994,2,VPN_ON,12.20,10.16,0.00
2025-11-12T22:24:13.660693,2,VPN_ON,16.70,9.80,0.00
2025-11-12T22:24:14.657109,2,VPN_ON,12.40,9.46,0.00
2025-11-12T22:24:15.659187,2,VPN_ON,13.00,8.90,0.00
2025-11-12T22:24:16.660108,2,VPN_ON,13.00,8.35,0.00
2025-11-12T22:24:17.661325,2,VPN_ON,13.10,7.83,0.00
2025-11-12T22:24:20.024289,2,VPN_ON,11.30,7.46,0.00
2025-11-12T22:24:21.025180,2,VPN_ON,11.80,7.02,0.00
2025-11-12T22:24:22.031402,2,VPN_ON,17.80,6.96,0.00
2025-11-12T22:24:23.027944,2,VPN_ON,13.40,6.80,0.00
2025-11-12T22:24:24.028541,2,VPN_ON,13.30,6.38,0.00
2025-11-12T22:24:25.029817,2,VPN_ON,14.40,6.05,0.00
2025-11-12T22:24:26.026106,2,VPN_ON,10.60,5.91,0.00
2025-11-12T22:24:27.027802,2,VPN_ON,12.10,5.63,0.00
2025-11-12T22:24:28.027575,2,VPN_ON,11.50,5.32,0.00
2025-11-12T22:24:29.029023,2,VPN_ON,12.30,5.04,0.00
2025-11-12T22:24:30.030531,2,VPN_ON,12.40,4.73,0.00
2025-11-12T22:24:31.029899,2,VPN_ON,12.00,4.46,0.00
2025-11-12T22:24:32.031892,2,VPN_ON,13.10,4.25,0.00
2025-11-12T22:24:33.030314,2,VPN_ON,10.50,4.14,0.00
2025-11-12T22:24:34.034876,2,VPN_ON,14.70,4.15,0.00
2025-11-12T22:24:35.031772,2,VPN_ON,11.00,4.12,0.00
2025-11-12T22:24:36.032282,2,VPN_ON,10.90,3.87,0.00
2025-11-12T22:24:37.035486,2,VPN_ON,13.40,3.78,0.00
2025-11-12T22:24:38.035725,2,VPN_ON,13.70,3.57,0.00
2025-11-12T22:24:39.034343,2,VPN_ON,11.80,3.46,0.00
2025-11-12T22:24:40.039521,2,VPN_ON,16.10,3.51,0.00
2025-11-12T22:24:41.037248,2,VPN_ON,12.90,3.49,0.00
2025-11-12T22:24:42.037883,2,VPN_ON,12.60,3.29,0.00
2025-11-12T22:24:43.036309,2,VPN_ON,10.40,3.23,0.00
2025-11-12T22:24:44.038480,2,VPN_ON,11.40,3.09,0.00
2025-11-12T22:24:45.039851,2,VPN_ON,12.40,2.96,0.00
2025-11-12T22:24:46.048814,2,VPN_ON,20.90,3.30,0.00
2025-11-12T22:24:47.041382,2,VPN_ON,12.60,3.62,0.00
2025-11-12T22:25:09.627347,3,VPN_ON,12.20,0.00,0.00
2025-11-12T22:25:10.614579,3,VPN_ON,20.20,0.50,0.00
2025-11-12T22:25:11.610636,3,VPN_ON,16.00,0.73,0.00
2025-11-12T22:25:12.607139,3,VPN_ON,12.30,0.92,0.00
2025-11-12T22:25:13.614586,3,VPN_ON,18.40,1.24,0.00
2025-11-12T22:25:14.607253,3,VPN_ON,11.40,1.60,0.00
2025-11-12T22:25:15.608410,3,VPN_ON,12.00,1.54,0.00
2025-11-12T22:25:16.618597,3,VPN_ON,21.00,2.00,0.00
2025-11-12T22:25:17.610815,3,VPN_ON,13.90,2.32,0.00
2025-11-12T22:25:18.610649,3,VPN_ON,12.80,2.25,0.00
2025-11-12T22:25:19.612090,3,VPN_ON,13.40,2.14,0.00
2025-11-12T22:25:20.610519,3,VPN_ON,11.80,2.11,0.00
2025-11-12T22:25:21.611245,3,VPN_ON,12.40,2.02,0.00
2025-11-12T22:25:22.611534,3,VPN_ON,13.10,1.93,0.00
2025-11-12T22:25:23.611898,3,VPN_ON,12.20,1.87,0.00
2025-11-12T22:25:24.627848,3,VPN_ON,26.80,2.66,0.00
2025-11-12T22:25:25.618105,3,VPN_ON,17.20,3.10,0.00
2025-11-12T22:25:27.985877,3,VPN_ON,10.90,3.30,0.00
2025-11-12T22:25:28.990528,3,VPN_ON,14.40,3.31,0.00
2025-11-12T22:25:29.991883,3,VPN_ON,15.30,3.16,0.00
2025-11-12T22:25:30.988095,3,VPN_ON,11.60,3.19,0.00
2025-11-12T22:25:31.989244,3,VPN_ON,12.30,3.04,0.00
2025-11-12T22:25:32.991870,3,VPN_ON,13.50,2.92,0.00
2025-11-12T22:25:34.009077,3,VPN_ON,30.00,3.77,0.00
2025-11-12T22:25:34.991362,3,VPN_ON,12.00,4.66,0.00
2025-11-12T22:25:35.993288,3,VPN_ON,13.00,4.43,0.00
2025-11-12T22:25:36.995115,3,VPN_ON,13.70,4.20,0.00
2025-11-12T22:25:37.994042,3,VPN_ON,11.80,4.06,0.00
2025-11-12T22:25:38.994448,3,VPN_ON,11.30,3.83,0.00
2025-11-12T22:25:39.999738,3,VPN_ON,15.10,3.83,0.00
2025-11-12T22:25:41.008508,3,VPN_ON,22.70,4.07,0.00
2025-11-12T22:25:41.996857,3,VPN_ON,10.50,4.57,0.00
2025-11-12T22:25:42.997524,3,VPN_ON,10.60,4.30,0.00
2025-11-12T22:25:44.002405,3,VPN_ON,14.80,4.29,0.00
2025-11-12T22:25:44.999773,3,VPN_ON,11.70,4.21,0.00
2025-11-12T22:25:45.999373,3,VPN_ON,10.90,4.00,0.00
2025-11-12T22:25:47.002853,3,VPN_ON,13.60,3.92,0.00
2025-11-12T22:25:48.003628,3,VPN_ON,14.10,3.71,0.00
2025-11-12T22:25:49.078166,3,VPN_ON,87.40,8.06,0.00
2025-11-12T22:25:50.004577,3,VPN_ON,16.40,11.99,0.00
2025-11-12T22:25:51.000368,3,VPN_ON,12.40,11.49,0.00
2025-11-12T22:25:52.012600,3,VPN_ON,24.10,11.50,0.00
2025-11-12T22:25:53.001267,3,VPN_ON,12.60,11.50,0.00
2025-11-12T22:25:54.003636,3,VPN_ON,14.20,10.88,0.00
2025-11-12T22:25:55.003120,3,VPN_ON,12.30,10.32,0.00
2025-11-12T22:25:56.004424,3,VPN_ON,13.30,9.74,0.00
2025-11-12T22:25:57.008705,3,VPN_ON,16.40,9.33,0.00
2025-11-12T22:25:58.005604,3,VPN_ON,13.30,8.94,0.00
2025-11-12T22:25:59.004900,3,VPN_ON,11.30,8.50,0.00
2025-11-12T22:26:01.370149,3,VPN_ON,10.90,8.00,0.00
2025-11-12T22:26:02.371482,3,VPN_ON,11.40,7.53,0.00
2025-11-12T22:26:03.374001,3,VPN_ON,13.90,7.21,0.00
2025-11-12T22:26:04.374355,3,VPN_ON,13.20,6.81,0.00
2025-11-12T22:26:05.372031,3,VPN_ON,10.40,6.56,0.00
2025-11-12T22:26:06.374319,3,VPN_ON,12.80,6.30,0.00
2025-11-12T22:26:07.375667,3,VPN_ON,13.70,5.96,0.00
2025-11-12T22:26:08.375142,3,VPN_ON,12.80,5.64,0.00
2025-11-12T22:26:09.374356,3,VPN_ON,11.70,5.36,0.00
2025-11-12T22:26:10.377107,3,VPN_ON,13.60,5.14,0.00
2025-11-12T22:26:11.376768,3,VPN_ON,13.00,4.86,0.00
2025-11-12T22:26:12.378933,3,VPN_ON,14.40,4.64,0.00
2025-11-12T22:26:13.376220,3,VPN_ON,11.20,4.55,0.00
2025-11-12T22:26:14.378756,3,VPN_ON,12.50,4.35,0.00
2025-11-12T22:26:15.380066,3,VPN_ON,13.20,4.12,0.00
2025-11-12T22:26:16.380120,3,VPN_ON,13.00,3.88,0.00
2025-11-12T22:26:17.379706,3,VPN_ON,13.70,3.68,0.00
2025-11-12T22:26:18.380443,3,VPN_ON,14.00,3.47,0.00
2025-11-12T22:26:19.380346,3,VPN_ON,12.90,3.32,0.00
2025-11-12T22:26:20.380393,3,VPN_ON,12.20,3.15,0.00
2025-11-12T22:26:21.380293,3,VPN_ON,11.10,3.03,0.00
2025-11-12T22:26:22.382904,3,VPN_ON,12.30,2.91,0.00
2025-11-12T22:26:23.382879,3,VPN_ON,11.30,2.79,0.00
2025-11-12T22:26:24.391465,3,VPN_ON,18.80,3.09,0.00
2025-11-12T22:26:25.386867,3,VPN_ON,13.30,3.24,0.00
2025-11-12T22:26:26.385984,3,VPN_ON,12.20,3.10,0.00
2025-11-12T22:26:27.388109,3,VPN_ON,13.30,2.98,0.00
2025-11-12T22:26:28.388131,3,VPN_ON,12.90,2.82,0.00
2025-11-12T22:26:29.390771,3,VPN_ON,14.60,2.75,0.00
2025-11-12T22:26:30.389535,3,VPN_ON,13.30,2.66,0.00
2025-11-12T22:26:31.387145,3,VPN_ON,10.80,2.65,0.00
2025-11-12T22:26:32.389113,3,VPN_ON,12.10,2.56,0.00
2025-11-12T22:26:34.739416,3,VPN_ON,18.80,2.82,0.00
2025-11-12T22:26:35.736045,3,VPN_ON,14.50,2.91,0.00
2025-11-12T22:26:36.734125,3,VPN_ON,12.20,2.88,0.00
2025-11-12T22:26:37.769271,3,VPN_ON,45.60,4.78,0.00
2025-11-12T22:26:38.753848,3,VPN_ON,30.40,5.43,0.00
2025-11-12T22:26:39.737055,3,VPN_ON,14.00,6.12,0.00
2025-11-12T22:26:40.736730,3,VPN_ON,12.40,5.84,0.00
2025-11-12T22:26:41.741244,3,VPN_ON,16.40,5.72,0.00
2025-11-12T22:26:42.737885,3,VPN_ON,12.50,5.61,0.00
2025-11-12T22:26:43.736865,3,VPN_ON,10.90,5.36,0.00
2025-11-12T22:26:44.743048,3,VPN_ON,16.10,5.35,0.00
2025-11-12T22:26:45.739881,3,VPN_ON,11.80,5.28,0.00
2025-11-12T22:26:46.742628,3,VPN_ON,13.60,5.07,0.00
2025-11-12T22:26:47.741618,3,VPN_ON,12.10,4.84,0.00
2025-11-12T22:26:48.755158,3,VPN_ON,24.60,5.32,0.00
2025-11-12T22:26:49.743119,3,VPN_ON,11.90,5.78,0.00
2025-11-12T22:26:50.745782,3,VPN_ON,13.50,5.52,0.00
2025-11-12T22:26:51.749606,3,VPN_ON,16.80,5.38,0.00
2025-11-12T22:26:52.750067,3,VPN_ON,16.60,5.06,0.00
2025-11-12T22:26:53.746490,3,VPN_ON,13.10,4.96,0.00
2025-11-12T22:26:54.755788,3,VPN_ON,21.50,5.18,0.00
2025-11-12T22:26:55.755901,3,VPN_ON,21.30,4.86,0.00
2025-11-12T22:26:56.746065,3,VPN_ON,11.50,5.17,0.00
2025-11-12T22:26:57.748285,3,VPN_ON,13.20,4.96,0.00
2025-11-12T22:26:58.749838,3,VPN_ON,13.90,4.69,0.00
2025-11-12T22:26:59.748584,3,VPN_ON,11.60,4.54,0.00
2025-11-12T22:27:00.750473,3,VPN_ON,13.20,4.36,0.00
2025-11-12T22:27:01.752984,3,VPN_ON,14.90,4.19,0.00
2025-11-12T22:27:02.757835,3,VPN_ON,19.10,4.19,0.00
2025-11-12T22:27:03.750985,3,VPN_ON,12.00,4.37,0.00
2025-11-12T22:27:04.779786,3,VPN_ON,39.60,5.82,0.00
2025-11-12T22:27:05.751651,3,VPN_ON,12.30,7.17,0.00
2025-11-12T22:27:08.122928,3,VPN_ON,12.40,6.73,0.00
2025-11-12T22:27:09.124313,3,VPN_ON,13.70,6.39,0.00
2025-11-12T22:27:10.147372,3,VPN_ON,35.90,7.37,0.00
2025-11-12T22:27:11.125425,3,VPN_ON,14.80,8.23,0.00
2025-11-12T22:27:12.123773,3,VPN_ON,12.00,7.89,0.00
2025-11-12T22:27:13.185235,3,VPN_ON,72.80,11.20,0.00
2025-11-12T22:27:14.173963,3,VPN_ON,62.80,11.12,0.00
2025-11-12T22:27:15.123361,3,VPN_ON,13.50,13.51,0.00
2025-11-12T22:27:16.148721,3,VPN_ON,38.40,14.22,0.00
2025-11-12T22:27:17.150053,3,VPN_ON,40.40,13.46,0.00
2025-11-12T22:27:18.122311,3,VPN_ON,13.60,14.29,0.00
2025-11-12T22:27:19.121754,3,VPN_ON,12.80,13.45,0.00
2025-11-12T22:27:20.122705,3,VPN_ON,12.90,12.61,0.00
2025-11-12T22:27:21.123975,3,VPN_ON,13.30,11.85,0.00
2025-11-12T22:27:22.126433,3,VPN_ON,14.30,11.17,0.00
2025-11-12T22:27:23.183092,3,VPN_ON,70.40,13.98,0.00
2025-11-12T22:27:24.126224,3,VPN_ON,15.50,16.54,0.00
2025-11-12T22:27:25.123803,3,VPN_ON,12.20,15.71,0.00
2025-11-12T22:27:26.142797,3,VPN_ON,30.80,15.89,0.00
2025-11-12T22:27:27.123649,3,VPN_ON,11.70,16.09,0.00
2025-11-12T22:27:28.135428,3,VPN_ON,22.50,15.76,0.00
2025-11-12T22:27:29.131119,3,VPN_ON,17.60,15.08,0.00
2025-11-12T22:27:30.227166,3,VPN_ON,114.00,20.16,0.00
2025-11-12T22:27:31.186927,3,VPN_ON,77.40,21.19,0.00
2025-11-12T22:27:32.120473,3,VPN_ON,12.50,23.92,0.00
2025-11-12T22:27:33.124359,3,VPN_ON,15.90,22.64,0.00
2025-11-12T22:27:34.123185,3,VPN_ON,14.10,21.34,0.00
2025-11-12T22:27:35.122996,3,VPN_ON,12.90,20.08,0.00
2025-11-12T22:27:36.122658,3,VPN_ON,11.80,18.89,0.00
2025-11-12T22:27:37.121707,3,VPN_ON,10.10,17.82,0.00
2025-11-12T22:27:38.125873,3,VPN_ON,13.30,16.91,0.00
2025-11-12T22:27:39.126497,3,VPN_ON,12.80,15.88,0.00
2025-11-12T22:27:40.128816,3,VPN_ON,14.60,15.00,0.00
2025-11-12T22:27:42.474839,3,VPN_ON,12.60,14.19,0.00
2025-11-12T22:27:43.474510,3,VPN_ON,11.90,13.34,0.00
2025-11-12T22:27:44.476344,3,VPN_ON,13.20,12.59,0.00
2025-11-12T22:27:45.477339,3,VPN_ON,13.40,11.82,0.00
2025-11-12T22:27:46.477343,3,VPN_ON,12.40,11.14,0.00
2025-11-12T22:27:47.477783,3,VPN_ON,12.80,10.47,0.00
2025-11-12T22:27:48.476022,3,VPN_ON,10.70,9.95,0.00
2025-11-12T22:27:49.478428,3,VPN_ON,12.80,9.46,0.00
2025-11-12T22:27:50.479407,3,VPN_ON,13.40,8.90,0.00
2025-11-12T22:27:51.478053,3,VPN_ON,12.00,8.43,0.00
2025-11-12T22:27:52.479114,3,VPN_ON,11.90,7.91,0.00
2025-11-12T22:27:53.481559,3,VPN_ON,13.80,7.54,0.00
2025-11-12T22:27:54.480460,3,VPN_ON,12.30,7.16,0.00
2025-11-12T22:27:55.484113,3,VPN_ON,15.00,6.88,0.00
2025-11-12T22:27:56.483016,3,VPN_ON,12.80,6.59,0.00
2025-11-12T22:27:57.485553,3,VPN_ON,14.50,6.28,0.00
2025-11-12T22:27:58.485352,3,VPN_ON,14.10,5.92,0.00
2025-11-12T22:27:59.484530,3,VPN_ON,12.60,5.64,0.00
2025-11-12T22:28:00.484909,3,VPN_ON,12.70,5.29,0.00
2025-11-12T22:28:01.487594,3,VPN_ON,15.10,5.11,0.00
2025-11-12T22:28:02.484170,3,VPN_ON,10.90,5.06,0.00
2025-11-12T22:28:03.485288,3,VPN_ON,11.10,4.75,0.00
2025-11-12T22:28:04.486556,3,VPN_ON,11.50,4.48,0.00
2025-11-12T22:28:05.493905,3,VPN_ON,18.30,4.62,0.00
2025-11-12T22:28:06.497406,3,VPN_ON,21.80,4.55,0.00
2025-11-12T22:28:07.490863,3,VPN_ON,14.80,4.71,0.00
2025-11-12T22:28:08.488254,3,VPN_ON,11.60,4.61,0.00
2025-11-12T22:28:09.489184,3,VPN_ON,12.10,4.36,0.00
2025-11-12T22:28:10.489877,3,VPN_ON,11.90,4.10,0.00
2025-11-12T22:28:11.490601,3,VPN_ON,11.90,3.84,0.00
2025-11-12T22:28:12.495735,3,VPN_ON,16.40,3.88,0.00
2025-11-12T22:28:13.498988,3,VPN_ON,19.40,3.83,0.00
2025-11-12T22:28:15.810305,3,VPN_ON,10.50,4.14,0.00
2025-11-12T22:28:16.824309,3,VPN_ON,23.20,4.68,0.00
2025-11-12T22:28:35.328953,4,VPN_OFF,21.80,0.00,0.00
2025-11-12T22:28:36.310543,4,VPN_OFF,25.50,0.23,0.00
2025-11-12T22:28:37.304610,4,VPN_OFF,19.10,0.62,0.00
2025-11-12T22:28:38.308288,4,VPN_OFF,22.00,0.76,0.00
2025-11-12T22:28:39.315954,4,VPN_OFF,29.60,1.19,0.00
2025-11-12T22:28:40.317487,4,VPN_OFF,31.00,1.20,0.00
2025-11-12T22:28:41.320066,4,VPN_OFF,34.30,1.33,0.00
2025-11-12T22:28:42.334691,4,VPN_OFF,48.70,2.15,0.00
2025-11-12T22:28:43.337234,4,VPN_OFF,51.20,2.17,0.00
2025-11-12T22:28:44.322373,4,VPN_OFF,37.20,2.91,0.00
2025-11-12T22:28:45.339774,4,VPN_OFF,54.30,3.80,0.00
2025-11-12T22:28:46.325265,4,VPN_OFF,40.50,4.42,0.00
2025-11-12T22:28:47.321879,4,VPN_OFF,37.70,4.32,0.00
2025-11-12T22:28:49.656556,4,VPN_OFF,94.10,7.58,0.00
2025-11-12T22:28:50.621367,4,VPN_OFF,60.90,9.18,0.00
2025-11-12T22:28:51.623174,4,VPN_OFF,63.80,8.78,0.00
2025-11-12T22:28:52.646829,4,VPN_OFF,89.00,9.81,0.00
2025-11-12T22:28:53.613788,4,VPN_OFF,59.00,11.07,0.00
2025-11-12T22:28:54.615716,4,VPN_OFF,61.90,10.56,0.00
2025-11-12T22:28:55.605342,4,VPN_OFF,52.90,10.46,0.00
2025-11-12T22:28:56.665029,4,VPN_OFF,114.00,13.63,0.00
2025-11-12T22:28:57.631503,4,VPN_OFF,84.60,14.61,0.00
2025-11-12T22:28:58.656825,4,VPN_OFF,112.00,15.41,0.00
2025-11-12T22:28:59.651920,4,VPN_OFF,113.00,14.51,0.00
2025-11-12T22:29:00.634511,4,VPN_OFF,99.60,14.44,0.00
2025-11-12T22:29:01.659204,4,VPN_OFF,128.00,15.32,0.00
2025-11-12T22:29:02.670620,4,VPN_OFF,144.00,15.36,0.00
2025-11-12T22:29:03.661036,4,VPN_OFF,139.00,14.71,0.00
2025-11-12T22:29:04.678563,4,VPN_OFF,163.00,15.29,0.00
2025-11-12T22:29:05.664629,4,VPN_OFF,156.00,14.77,0.00
2025-11-12T22:29:06.515366,4,VPN_OFF,12.90,22.79,0.00
2025-11-12T22:29:07.517196,4,VPN_OFF,14.50,21.47,0.00
2025-11-12T22:29:08.527019,4,VPN_OFF,23.70,20.70,0.00
2025-11-12T22:29:09.517346,4,VPN_OFF,13.30,20.06,0.00
2025-11-12T22:29:10.537824,4,VPN_OFF,32.50,20.00,0.00
2025-11-12T22:29:11.520465,4,VPN_OFF,14.60,19.87,0.00
2025-11-12T22:29:12.528419,4,VPN_OFF,22.00,19.09,0.00
2025-11-12T22:29:13.524394,4,VPN_OFF,17.00,18.21,0.00
2025-11-12T22:29:14.519901,4,VPN_OFF,11.70,17.41,0.00
2025-11-12T22:29:15.524428,4,VPN_OFF,15.30,16.54,0.00
2025-11-12T22:29:16.515253,4,VPN_OFF,6.77,16.04,0.00
2025-11-12T22:29:17.523908,4,VPN_OFF,14.80,15.54,0.00
2025-11-12T22:29:18.524065,4,VPN_OFF,15.80,14.63,0.00
2025-11-12T22:29:19.522743,4,VPN_OFF,15.50,13.74,0.00
2025-11-12T22:29:20.523981,4,VPN_OFF,17.80,13.02,0.00
2025-11-12T22:29:23.174877,4,VPN_OFF,17.80,12.21,0.00
2025-11-12T22:29:24.178495,4,VPN_OFF,21.20,11.66,0.00
2025-11-12T22:29:25.178109,4,VPN_OFF,20.80,10.95,0.00
2025-11-12T22:29:26.176483,4,VPN_OFF,17.90,10.45,0.00
2025-11-12T22:29:27.176248,4,VPN_OFF,17.30,9.83,0.00
2025-11-12T22:29:28.176209,4,VPN_OFF,17.10,9.23,0.00
2025-11-12T22:29:29.179378,4,VPN_OFF,19.30,8.79,0.00
2025-11-12T22:29:30.178708,4,VPN_OFF,18.20,8.31,0.00
2025-11-12T22:29:31.177642,4,VPN_OFF,17.20,7.86,0.00
2025-11-12T22:29:32.181498,4,VPN_OFF,21.00,7.60,0.00
2025-11-12T22:29:33.178278,4,VPN_OFF,17.60,7.34,0.00
2025-11-12T22:29:34.180876,4,VPN_OFF,19.70,7.01,0.00
2025-11-12T22:29:35.177875,4,VPN_OFF,17.60,6.70,0.00
2025-11-12T22:29:36.178526,4,VPN_OFF,17.90,6.30,0.00
2025-11-12T22:29:37.173675,4,VPN_OFF,13.50,6.19,0.00
2025-11-12T22:29:38.177585,4,VPN_OFF,17.20,6.03,0.00
2025-11-12T22:29:39.171438,4,VPN_OFF,11.10,6.03,0.00
2025-11-12T22:29:40.180091,4,VPN_OFF,19.00,6.15,0.00
2025-11-12T22:29:41.175061,4,VPN_OFF,14.40,6.05,0.00
2025-11-12T22:29:42.173599,4,VPN_OFF,12.70,5.78,0.00
2025-11-12T22:29:43.175159,4,VPN_OFF,13.30,5.46,0.00
2025-11-12T22:29:44.178290,4,VPN_OFF,16.30,5.30,0.00
2025-11-12T22:29:45.174629,4,VPN_OFF,12.60,5.20,0.00
2025-11-12T22:29:46.175613,4,VPN_OFF,13.60,4.94,0.00
2025-11-12T22:29:47.237668,4,VPN_OFF,75.40,8.50,0.00
2025-11-12T22:29:48.192733,4,VPN_OFF,33.30,10.60,0.00
2025-11-12T22:29:49.193434,4,VPN_OFF,33.70,9.96,0.00
2025-11-12T22:29:50.184027,4,VPN_OFF,24.60,9.90,0.00
2025-11-12T22:29:51.191359,4,VPN_OFF,31.30,9.70,0.00
2025-11-12T22:29:52.190720,4,VPN_OFF,30.10,9.17,0.00
2025-11-12T22:29:53.193903,4,VPN_OFF,33.80,8.83,0.00
2025-11-12T22:29:54.211252,4,VPN_OFF,51.10,9.36,0.00
2025-11-12T22:29:56.729886,4,VPN_OFF,60.30,9.35,0.00
2025-11-12T22:29:57.724815,4,VPN_OFF,55.90,9.04,0.00
2025-11-12T22:29:58.747806,4,VPN_OFF,79.80,9.97,0.00
2025-11-12T22:29:59.705109,4,VPN_OFF,39.90,11.84,0.00
2025-11-12T22:30:00.714083,4,VPN_OFF,49.00,11.67,0.00
2025-11-12T22:30:01.699524,4,VPN_OFF,35.30,11.80,0.00
2025-11-12T22:30:02.717179,4,VPN_OFF,52.60,12.14,0.00
2025-11-12T22:30:03.727799,4,VPN_OFF,64.80,12.14,0.00
2025-11-12T22:30:04.748458,4,VPN_OFF,87.70,12.82,0.00
2025-11-12T22:30:05.719558,4,VPN_OFF,62.20,13.61,0.00
2025-11-12T22:30:06.693241,4,VPN_OFF,36.50,14.36,0.00
2025-11-12T22:30:07.725666,4,VPN_OFF,69.80,15.55,0.00
2025-11-12T22:30:08.734411,4,VPN_OFF,80.90,15.27,0.00
2025-11-12T22:30:09.733865,4,VPN_OFF,82.70,14.43,0.00
2025-11-12T22:30:10.744051,4,VPN_OFF,95.40,14.32,0.00
2025-11-12T22:30:11.748313,4,VPN_OFF,102.00,13.84,0.00
2025-11-12T22:30:12.692181,4,VPN_OFF,49.70,16.24,0.00
2025-11-12T22:30:13.726756,4,VPN_OFF,84.50,17.40,0.00
2025-11-12T22:30:14.714981,4,VPN_OFF,75.20,16.89,0.00
2025-11-12T22:30:15.728848,4,VPN_OFF,90.80,16.81,0.00
2025-11-12T22:30:16.703729,4,VPN_OFF,68.00,17.19,0.00
2025-11-12T22:30:17.647935,4,VPN_OFF,14.10,19.48,0.00
2025-11-12T22:30:18.647502,4,VPN_OFF,12.60,18.36,0.00
2025-11-12T22:30:19.649326,4,VPN_OFF,13.80,17.29,0.00
2025-11-12T22:30:20.649604,4,VPN_OFF,14.20,16.23,0.00
2025-11-12T22:30:21.651210,4,VPN_OFF,14.50,15.24,0.00
2025-11-12T22:30:22.662987,4,VPN_OFF,25.70,14.98,0.00
2025-11-12T22:30:23.658357,4,VPN_OFF,20.30,14.38,0.00
2025-11-12T22:30:24.661052,4,VPN_OFF,22.40,13.62,0.00
2025-11-12T22:30:25.677249,4,VPN_OFF,38.20,13.75,0.00
2025-11-12T22:30:26.682204,4,VPN_OFF,43.80,13.24,0.00
2025-11-12T22:30:27.670815,4,VPN_OFF,32.60,13.12,0.00
2025-11-12T22:30:30.078000,4,VPN_OFF,1440.00,100.26,0.00
2025-11-12T22:30:31.087167,4,VPN_OFF,44.20,181.23,0.00
2025-11-12T22:30:32.099310,4,VPN_OFF,56.00,170.64,0.00
2025-11-12T22:30:33.082492,4,VPN_OFF,41.20,160.90,0.00
2025-11-12T22:30:34.085187,4,VPN_OFF,44.70,151.06,0.00
2025-11-12T22:30:35.076090,4,VPN_OFF,35.90,142.17,0.00
2025-11-12T22:30:36.071247,4,VPN_OFF,31.40,133.57,0.00
2025-11-12T22:30:37.081694,4,VPN_OFF,39.90,125.75,0.00
2025-11-12T22:30:38.074417,4,VPN_OFF,34.10,118.25,0.00
2025-11-12T22:30:39.081363,4,VPN_OFF,40.90,111.29,0.00
2025-11-12T22:30:40.109720,4,VPN_OFF,69.30,106.11,0.00
2025-11-12T22:30:41.132579,4,VPN_OFF,93.90,101.01,0.00
2025-11-12T22:30:42.075488,4,VPN_OFF,40.10,98.06,0.00
2025-11-12T22:30:43.095392,4,VPN_OFF,60.30,93.20,0.00
2025-11-12T22:30:44.101779,4,VPN_OFF,68.80,87.90,0.00
2025-11-12T22:30:45.119882,4,VPN_OFF,87.90,83.60,0.00
2025-11-12T22:30:46.112245,4,VPN_OFF,83.80,78.63,0.00
2025-11-12T22:30:47.152034,4,VPN_OFF,126.00,76.36,0.00
2025-11-12T22:30:48.165136,4,VPN_OFF,144.00,72.71,0.00
2025-11-12T22:30:49.187829,4,VPN_OFF,172.00,69.91,0.00
2025-11-12T22:30:50.202837,4,VPN_OFF,193.00,66.86,0.00
2025-11-12T22:30:51.249546,4,VPN_OFF,248.00,66.12,0.00
2025-11-12T22:30:52.278209,4,VPN_OFF,287.00,64.42,0.00
2025-11-12T22:30:52.992849,4,VPN_OFF,13.80,77.47,0.00
2025-11-12T22:30:53.991663,4,VPN_OFF,12.30,72.72,0.00
2025-11-12T22:30:54.992086,4,VPN_OFF,12.40,68.18,0.00
2025-11-12T22:30:55.996512,4,VPN_OFF,16.40,64.17,0.00
2025-11-12T22:30:56.993212,4,VPN_OFF,12.90,60.38,0.00
2025-11-12T22:30:58.003649,4,VPN_OFF,22.90,57.23,0.00
2025-11-12T22:30:59.009973,4,VPN_OFF,29.40,54.06,0.00
2025-11-12T22:31:00.009627,4,VPN_OFF,28.90,50.71,0.00
2025-11-12T22:31:01.023379,4,VPN_OFF,43.00,48.42,0.00
2025-11-12T22:31:02.047989,4,VPN_OFF,67.60,46.94,0.00
2025-11-12T22:31:04.429275,4,VPN_OFF,40.70,45.68,0.00
2025-11-12T22:31:05.424133,4,VPN_OFF,36.10,43.12,0.00
2025-11-12T22:31:06.420372,4,VPN_OFF,32.90,40.62,0.00
2025-11-12T22:31:07.416614,4,VPN_OFF,29.20,38.31,0.00
2025-11-12T22:31:08.436761,4,VPN_OFF,49.40,37.18,0.00
2025-11-12T22:31:09.458385,4,VPN_OFF,71.60,36.24,0.00
2025-11-12T22:31:10.450085,4,VPN_OFF,64.60,34.42,0.00
2025-11-12T22:31:11.568802,4,VPN_OFF,185.00,39.79,0.00
2025-11-12T22:31:12.471525,4,VPN_OFF,94.20,42.98,0.00
2025-11-12T22:31:13.435520,4,VPN_OFF,61.40,42.34,0.00
2025-11-12T22:31:14.446134,4,VPN_OFF,73.90,40.48,0.00
2025-11-12T22:31:15.442901,4,VPN_OFF,72.80,38.02,0.00
2025-11-12T22:31:16.415128,4,VPN_OFF,47.40,37.23,0.00
2025-11-12T22:31:17.430746,4,VPN_OFF,63.70,35.92,0.00
2025-11-12T22:31:18.434799,4,VPN_OFF,70.20,34.08,0.00
2025-11-12T22:31:19.439628,4,VPN_OFF,78.00,32.44,0.00
2025-11-12T22:31:20.434821,4,VPN_OFF,74.70,30.62,0.00
2025-11-12T22:31:21.430626,4,VPN_OFF,73.20,28.80,0.00
2025-11-12T22:31:22.408153,4,VPN_OFF,52.40,28.30,0.00
2025-11-12T22:31:23.413303,4,VPN_OFF,58.00,26.88,0.00
2025-11-12T22:31:24.436625,4,VPN_OFF,82.80,26.75,0.00
2025-11-12T22:31:25.445245,4,VPN_OFF,93.50,25.75,0.00
2025-11-12T22:31:26.439604,4,VPN_OFF,90.30,24.34,0.00
2025-11-12T22:31:27.423974,4,VPN_OFF,77.30,23.63,0.00
2025-11-12T22:31:28.358884,4,VPN_OFF,13.90,26.11,0.00
2025-11-12T22:31:29.357588,4,VPN_OFF,11.80,24.61,0.00
2025-11-12T22:31:30.362193,4,VPN_OFF,15.30,23.29,0.00
2025-11-12T22:31:31.359738,4,VPN_OFF,12.80,21.99,0.00
2025-11-12T22:31:32.361961,4,VPN_OFF,14.30,20.71,0.00
2025-11-12T22:31:33.367784,4,VPN_OFF,18.50,19.68,0.00
2025-11-12T22:31:34.366694,4,VPN_OFF,16.80,18.56,0.00
2025-11-12T22:31:35.368568,4,VPN_OFF,18.10,17.48,0.00
2025-11-12T22:31:37.756762,4,VPN_OFF,19.30,16.46,0.00
2025-11-12T22:31:38.763301,4,VPN_OFF,24.90,15.78,0.00
2025-11-12T22:31:39.750516,4,VPN_OFF,11.70,15.62,0.00
2025-11-12T22:31:40.746099,4,VPN_OFF,7.36,14.92,0.00
2025-11-12T22:31:41.760075,4,VPN_OFF,19.80,14.76,0.00
2025-11-12T22:31:42.755662,4,VPN_OFF,15.10,14.13,0.00
2025-11-12T22:32:20.414242,5,VPN_ON,26.60,0.00,0.00
2025-11-12T22:32:21.400147,5,VPN_ON,27.40,0.05,0.00
2025-11-12T22:32:22.386838,5,VPN_ON,14.50,0.85,0.00
2025-11-12T22:32:23.385643,5,VPN_ON,12.70,0.91,0.00
2025-11-12T22:32:24.430783,5,VPN_ON,57.40,3.65,0.00
2025-11-12T22:32:25.384489,5,VPN_ON,13.00,6.20,0.00
2025-11-12T22:32:26.384830,5,VPN_ON,12.30,5.85,0.00
2025-11-12T22:32:27.393601,5,VPN_ON,20.20,5.98,0.00
2025-11-12T22:32:28.386289,5,VPN_ON,13.40,6.03,0.00
2025-11-12T22:32:29.386424,5,VPN_ON,13.10,5.67,0.00
2025-11-12T22:32:30.394429,5,VPN_ON,19.90,5.74,0.00
2025-11-12T22:32:31.412296,5,VPN_ON,36.70,6.43,0.00
2025-11-12T22:32:32.386823,5,VPN_ON,11.90,7.58,0.00
2025-11-12T22:32:33.402303,5,VPN_ON,26.90,8.05,0.00
2025-11-12T22:32:34.407600,5,VPN_ON,32.70,7.91,0.00
2025-11-12T22:32:35.387994,5,VPN_ON,13.30,8.62,0.00
2025-11-12T22:32:36.388262,5,VPN_ON,13.60,8.10,0.00
2025-11-12T22:32:37.393525,5,VPN_ON,18.10,7.88,0.00
2025-11-12T22:32:38.389985,5,VPN_ON,14.30,7.62,0.00
2025-11-12T22:32:39.393680,5,VPN_ON,17.50,7.35,0.00
2025-11-12T22:32:40.407627,5,VPN_ON,30.80,7.72,0.00
2025-11-12T22:32:41.390756,5,VPN_ON,14.00,8.29,0.00
2025-11-12T22:32:42.394157,5,VPN_ON,16.00,7.89,0.00
2025-11-12T22:32:43.391231,5,VPN_ON,12.00,7.65,0.00
2025-11-12T22:32:44.394110,5,VPN_ON,14.10,7.30,0.00
2025-11-12T22:32:45.395079,5,VPN_ON,14.30,6.86,0.00
2025-11-12T22:32:46.393778,5,VPN_ON,12.70,6.53,0.00
2025-11-12T22:32:47.397455,5,VPN_ON,16.00,6.33,0.00
2025-11-12T22:32:48.444522,5,VPN_ON,61.80,8.80,0.00
2025-11-12T22:32:49.406104,5,VPN_ON,24.30,10.59,0.00
2025-11-12T22:32:50.395672,5,VPN_ON,13.90,10.58,0.00
2025-11-12T22:32:51.494204,5,VPN_ON,112.00,16.05,0.00
2025-11-12T22:32:52.391209,5,VPN_ON,12.60,21.26,0.00
2025-11-12T22:32:53.389534,5,VPN_ON,10.70,20.05,0.00
2025-11-12T22:32:54.392369,5,VPN_ON,13.20,18.95,0.00
2025-11-12T22:32:55.392982,5,VPN_ON,12.50,17.81,0.00
2025-11-12T22:32:56.394175,5,VPN_ON,13.40,16.75,0.00
2025-11-12T22:32:57.395460,5,VPN_ON,12.70,15.75,0.00
2025-11-12T22:32:58.422773,5,VPN_ON,40.20,16.48,0.00
2025-11-12T22:33:01.434181,5,VPN_ON,10.50,17.31,0.00
2025-11-12T22:33:02.441583,5,VPN_ON,17.80,16.68,0.00
2025-11-12T22:33:03.442884,5,VPN_ON,19.00,15.72,0.00
2025-11-12T22:33:04.442809,5,VPN_ON,17.90,14.80,0.00
2025-11-12T22:33:05.439882,5,VPN_ON,14.00,14.12,0.00
2025-11-12T22:33:06.453676,5,VPN_ON,26.90,14.05,0.00
2025-11-12T22:33:07.439298,5,VPN_ON,13.20,14.02,0.00
2025-11-12T22:33:08.472828,5,VPN_ON,46.20,15.21,0.00
2025-11-12T22:33:09.441567,5,VPN_ON,16.40,16.12,0.00
2025-11-12T22:33:10.437717,5,VPN_ON,12.60,15.35,0.00
2025-11-12T22:33:11.438531,5,VPN_ON,13.20,14.43,0.00
2025-11-12T22:33:12.438981,5,VPN_ON,12.20,13.59,0.00
2025-11-12T22:33:13.470687,5,VPN_ON,43.10,14.67,0.00
2025-11-12T22:33:14.445992,5,VPN_ON,19.90,15.21,0.00
2025-11-12T22:33:15.470245,5,VPN_ON,44.20,15.77,0.00
2025-11-12T22:33:16.438596,5,VPN_ON,13.30,16.72,0.00
2025-11-12T22:33:17.464214,5,VPN_ON,38.60,17.26,0.00
2025-11-12T22:33:18.446432,5,VPN_ON,21.60,17.24,0.00
2025-11-12T22:33:19.471228,5,VPN_ON,45.80,17.67,0.00
2025-11-12T22:33:20.436496,5,VPN_ON,11.10,18.74,0.00
2025-11-12T22:33:21.441081,5,VPN_ON,15.60,17.85,0.00
2025-11-12T22:33:22.442504,5,VPN_ON,16.40,16.78,0.00
2025-11-12T22:33:23.439957,5,VPN_ON,14.30,15.87,0.00
2025-11-12T22:33:24.438349,5,VPN_ON,12.30,15.00,0.00
2025-11-12T22:33:25.438272,5,VPN_ON,11.40,14.12,0.00
2025-11-12T22:33:26.444582,5,VPN_ON,17.60,13.62,0.00
2025-11-12T22:33:27.440294,5,VPN_ON,12.70,13.08,0.00
2025-11-12T22:33:28.440562,5,VPN_ON,12.40,12.28,0.00
2025-11-12T22:33:29.445177,5,VPN_ON,16.60,11.77,0.00
2025-11-12T22:33:30.441919,5,VPN_ON,13.30,11.24,0.00
2025-11-12T22:33:31.451002,5,VPN_ON,21.70,11.07,0.00
2025-11-12T22:33:32.442375,5,VPN_ON,13.00,10.92,0.00
2025-11-12T22:33:35.871775,5,VPN_ON,17.60,10.52,0.00
2025-11-12T22:33:36.908661,5,VPN_ON,54.10,12.15,0.00
2025-11-12T22:33:37.864077,5,VPN_ON,10.70,14.10,0.00
2025-11-12T22:33:38.867165,5,VPN_ON,13.00,13.36,0.00
2025-11-12T22:33:39.868058,5,VPN_ON,12.80,12.54,0.00
2025-11-12T22:33:40.867962,5,VPN_ON,11.60,11.83,0.00
2025-11-12T22:33:41.873250,5,VPN_ON,16.10,11.37,0.00
2025-11-12T22:33:42.926267,5,VPN_ON,67.90,13.90,0.00
2025-11-12T22:33:43.930207,5,VPN_ON,72.30,13.31,0.00
2025-11-12T22:33:44.894422,5,VPN_ON,38.30,14.60,0.00
2025-11-12T22:33:45.867975,5,VPN_ON,12.50,15.30,0.00
2025-11-12T22:33:46.868199,5,VPN_ON,12.40,14.35,0.00
2025-11-12T22:33:47.869796,5,VPN_ON,13.40,13.52,0.00
2025-11-12T22:33:48.873072,5,VPN_ON,16.10,12.84,0.00
2025-11-12T22:33:49.878511,5,VPN_ON,22.10,12.41,0.00
2025-11-12T22:33:50.876001,5,VPN_ON,18.60,11.85,0.00
2025-11-12T22:33:51.905094,5,VPN_ON,48.10,12.96,0.00
2025-11-12T22:33:52.869301,5,VPN_ON,14.10,14.27,0.00
2025-11-12T22:33:53.869634,5,VPN_ON,13.90,13.39,0.00
2025-11-12T22:33:54.907657,5,VPN_ON,51.60,14.91,0.00
2025-11-12T22:33:55.865785,5,VPN_ON,11.90,16.46,0.00
2025-11-12T22:33:56.905323,5,VPN_ON,50.90,17.87,0.00
2025-11-12T22:33:57.867018,5,VPN_ON,13.60,19.08,0.00
2025-11-12T22:33:58.866461,5,VPN_ON,12.70,17.95,0.00
2025-11-12T22:33:59.888583,5,VPN_ON,33.80,18.15,0.00
2025-11-12T22:34:00.868532,5,VPN_ON,14.10,18.24,0.00
2025-11-12T22:34:01.929251,5,VPN_ON,73.60,20.82,0.00
2025-11-12T22:34:02.920969,5,VPN_ON,66.70,19.95,0.00
2025-11-12T22:34:03.863285,5,VPN_ON,10.20,22.24,0.00
2025-11-12T22:34:04.864700,5,VPN_ON,10.50,20.86,0.00
2025-11-12T22:34:05.870500,5,VPN_ON,15.60,19.88,0.00
2025-11-12T22:34:08.289667,5,VPN_ON,17.60,18.76,0.00
2025-11-12T22:34:09.293086,5,VPN_ON,20.30,17.76,0.00
2025-11-12T22:34:10.384344,5,VPN_ON,111.00,22.32,0.00
2025-11-12T22:34:11.303097,5,VPN_ON,33.80,25.75,0.00
2025-11-12T22:34:12.281099,5,VPN_ON,12.10,25.49,0.00
2025-11-12T22:34:13.284329,5,VPN_ON,14.30,24.04,0.00
2025-11-12T22:34:14.282680,5,VPN_ON,12.40,22.65,0.00
2025-11-12T22:34:15.284305,5,VPN_ON,13.60,21.31,0.00
2025-11-12T22:34:16.285682,5,VPN_ON,14.40,20.03,0.00
2025-11-12T22:34:17.285351,5,VPN_ON,13.70,18.82,0.00
2025-11-12T22:34:18.284139,5,VPN_ON,11.80,17.77,0.00
2025-11-12T22:34:19.288127,5,VPN_ON,15.00,16.86,0.00
2025-11-12T22:34:20.318753,5,VPN_ON,44.60,17.65,0.00
2025-11-12T22:34:21.287016,5,VPN_ON,13.40,18.50,0.00
2025-11-12T22:34:22.287778,5,VPN_ON,13.80,17.37,0.00
2025-11-12T22:34:23.287247,5,VPN_ON,12.40,16.37,0.00
2025-11-12T22:34:24.331318,5,VPN_ON,56.00,18.07,0.00
2025-11-12T22:34:25.285887,5,VPN_ON,12.70,19.65,0.00
2025-11-12T22:34:26.286690,5,VPN_ON,12.60,18.43,0.00
2025-11-12T22:34:27.287936,5,VPN_ON,13.30,17.32,0.00
2025-11-12T22:34:28.298024,5,VPN_ON,23.20,16.85,0.00
2025-11-12T22:34:29.290810,5,VPN_ON,15.80,16.26,0.00
2025-11-12T22:34:30.297056,5,VPN_ON,21.30,15.59,0.00
2025-11-12T22:34:31.300916,5,VPN_ON,25.10,14.85,0.00
2025-11-12T22:34:32.289151,5,VPN_ON,13.30,14.66,0.00
2025-11-12T22:34:33.334979,5,VPN_ON,58.90,16.60,0.00
2025-11-12T22:34:34.319918,5,VPN_ON,45.30,16.41,0.00
2025-11-12T22:34:35.286299,5,VPN_ON,12.30,17.45,0.00
2025-11-12T22:34:36.289975,5,VPN_ON,16.20,16.60,0.00
2025-11-12T22:34:37.331257,5,VPN_ON,57.10,18.12,0.00
2025-11-12T22:34:38.285679,5,VPN_ON,12.60,19.77,0.00
2025-11-12T22:34:39.288843,5,VPN_ON,15.10,18.69,0.00
2025-11-12T22:34:41.724385,5,VPN_ON,12.50,17.68,0.00
2025-11-12T22:34:42.723980,5,VPN_ON,11.60,16.63,0.00
2025-11-12T22:34:43.726548,5,VPN_ON,13.60,15.72,0.00
2025-11-12T22:34:44.762496,5,VPN_ON,48.60,16.92,0.00
2025-11-12T22:34:45.730149,5,VPN_ON,17.40,17.82,0.00
2025-11-12T22:34:46.755238,5,VPN_ON,42.10,18.25,0.00
2025-11-12T22:34:47.748133,5,VPN_ON,36.30,17.47,0.00
2025-11-12T22:34:48.723117,5,VPN_ON,13.70,17.79,0.00
2025-11-12T22:34:49.737243,5,VPN_ON,27.00,17.51,0.00
2025-11-12T22:34:50.721276,5,VPN_ON,11.00,17.41,0.00
2025-11-12T22:34:51.724062,5,VPN_ON,12.70,16.43,0.00
2025-11-12T22:34:52.723789,5,VPN_ON,11.70,15.47,0.00
2025-11-12T22:34:53.725031,5,VPN_ON,12.10,14.53,0.00
2025-11-12T22:34:54.741376,5,VPN_ON,27.30,14.57,0.00
2025-11-12T22:34:55.732562,5,VPN_ON,18.20,14.23,0.00
2025-11-12T22:34:56.752530,5,VPN_ON,38.00,14.57,0.00
2025-11-12T22:34:57.733296,5,VPN_ON,18.70,14.87,0.00
2025-11-12T22:34:58.727753,5,VPN_ON,12.50,14.33,0.00
2025-11-12T22:34:59.728208,5,VPN_ON,12.60,13.44,0.00
2025-11-12T22:35:00.729604,5,VPN_ON,13.30,12.64,0.00
2025-11-12T22:35:01.730243,5,VPN_ON,13.60,11.87,0.00
2025-11-12T22:35:02.730098,5,VPN_ON,12.80,11.18,0.00
2025-11-12T22:35:03.729489,5,VPN_ON,11.40,10.57,0.00
2025-11-12T22:35:04.731998,5,VPN_ON,13.40,10.03,0.00
2025-11-12T22:35:05.730608,5,VPN_ON,11.60,9.52,0.00
2025-11-12T22:35:06.731423,5,VPN_ON,11.80,8.94,0.00
2025-11-12T22:35:07.733038,5,VPN_ON,12.50,8.42,0.00
2025-11-12T22:35:08.737271,5,VPN_ON,16.20,8.13,0.00
2025-11-12T22:35:09.735721,5,VPN_ON,14.40,7.73,0.00
2025-11-12T22:35:10.732940,5,VPN_ON,11.20,7.45,0.00
2025-11-12T22:35:11.756176,5,VPN_ON,33.20,8.36,0.00
2025-11-12T22:35:12.735190,5,VPN_ON,12.00,9.16,0.00
2025-11-12T22:35:13.738369,5,VPN_ON,14.10,8.72,0.00
2025-11-12T22:35:16.185405,5,VPN_ON,12.60,8.27,0.00
2025-11-12T22:35:17.191340,5,VPN_ON,17.90,8.08,0.00
2025-11-12T22:35:18.187160,5,VPN_ON,12.90,7.89,0.00
2025-11-12T22:35:19.189799,5,VPN_ON,14.60,7.50,0.00
2025-11-12T22:35:20.192983,5,VPN_ON,17.20,7.20,0.00
2025-11-12T22:35:21.186704,5,VPN_ON,10.70,7.15,0.00
2025-11-12T22:35:22.192951,5,VPN_ON,16.10,7.04,0.00
2025-11-12T22:35:23.189666,5,VPN_ON,12.30,6.84,0.00
2025-11-12T22:35:24.189266,5,VPN_ON,11.00,6.49,0.00
2025-11-12T22:35:25.239046,5,VPN_ON,59.70,9.13,0.00
2025-11-12T22:35:26.193639,5,VPN_ON,15.50,11.32,0.00
2025-11-12T22:35:27.192184,5,VPN_ON,13.40,10.75,0.00
2025-11-12T22:35:45.919514,6,VPN_OFF,19.80,0.00,0.00
2025-11-12T22:35:46.926114,6,VPN_OFF,34.60,0.93,0.00
2025-11-12T22:35:49.362936,6,VPN_OFF,42.10,1.34,0.00
2025-11-12T22:35:50.354176,6,VPN_OFF,34.30,1.74,0.00
2025-11-12T22:35:51.368733,6,VPN_OFF,48.70,2.53,0.00
2025-11-12T22:35:52.345188,6,VPN_OFF,25.50,3.82,0.00
2025-11-12T22:35:53.356370,6,VPN_OFF,36.20,4.25,0.00
2025-11-12T22:36:31.222747,7,VPN_ON,66.00,0.00,0.00
2025-11-12T22:36:32.082858,7,VPN_ON,12.50,3.34,0.00
2025-11-12T22:36:33.083762,7,VPN_ON,12.80,3.15,0.00
2025-11-12T22:36:34.085116,7,VPN_ON,13.50,3.00,0.00
2025-11-12T22:36:35.093090,7,VPN_ON,21.60,3.32,0.00
2025-11-12T22:36:36.099448,7,VPN_ON,27.30,3.47,0.00
2025-11-12T22:36:37.089501,7,VPN_ON,17.40,3.87,0.00
2025-11-12T22:36:38.085048,7,VPN_ON,12.70,3.92,0.00
2025-11-12T22:36:39.084652,7,VPN_ON,11.50,3.75,0.00
2025-11-12T22:36:40.086505,7,VPN_ON,12.80,3.60,0.00
2025-11-12T22:36:41.093360,7,VPN_ON,18.70,3.74,0.00
2025-11-12T22:36:42.094759,7,VPN_ON,19.30,3.55,0.00
2025-11-12T22:36:43.091235,7,VPN_ON,15.30,3.57,0.00
2025-11-12T22:36:44.098589,7,VPN_ON,22.30,3.79,0.00
2025-11-12T22:36:45.089083,7,VPN_ON,12.40,4.17,0.00
2025-11-12T22:36:46.089357,7,VPN_ON,12.20,3.92,0.00
2025-11-12T22:36:47.089925,7,VPN_ON,11.50,3.72,0.00
2025-11-12T22:36:48.091317,7,VPN_ON,12.60,3.56,0.00
2025-11-12T22:36:49.104118,7,VPN_ON,24.70,4.09,0.00
2025-11-12T22:36:50.092884,7,VPN_ON,12.70,4.59,0.00
2025-11-12T22:36:51.092533,7,VPN_ON,11.60,4.37,0.00
2025-11-12T22:36:52.092564,7,VPN_ON,11.30,4.11,0.00
2025-11-12T22:36:53.096535,7,VPN_ON,14.30,4.04,0.00
2025-11-12T22:36:54.098285,7,VPN_ON,15.60,3.87,0.00
2025-11-12T22:36:55.096158,7,VPN_ON,13.20,3.78,0.00
2025-11-12T22:36:56.095672,7,VPN_ON,11.40,3.66,0.00
2025-11-12T22:36:57.099600,7,VPN_ON,14.20,3.60,0.00
2025-11-12T22:36:58.097201,7,VPN_ON,11.30,3.56,0.00
2025-11-12T22:36:59.100545,7,VPN_ON,13.20,3.46,0.00
2025-11-12T22:37:00.110926,7,VPN_ON,23.10,3.86,0.00
2025-11-12T22:37:01.101150,7,VPN_ON,13.20,4.24,0.00
2025-11-12T22:37:02.102809,7,VPN_ON,13.60,4.00,0.00
2025-11-12T22:37:03.102290,7,VPN_ON,12.10,3.84,0.00
2025-11-12T22:37:04.103571,7,VPN_ON,12.20,3.61,0.00
2025-11-12T22:37:05.112368,7,VPN_ON,19.70,3.85,0.00
2025-11-12T22:37:06.106486,7,VPN_ON,12.90,4.03,0.00
2025-11-12T22:37:07.107516,7,VPN_ON,12.90,3.78,0.00
2025-11-12T22:37:08.108879,7,VPN_ON,13.20,3.56,0.00
2025-11-12T22:37:09.111971,7,VPN_ON,15.00,3.45,0.00
2025-11-12T22:37:12.148553,7,VPN_ON,2050.00,130.43,0.00
2025-11-12T22:37:13.147350,7,VPN_ON,15.70,249.42,0.00
2025-11-12T22:37:14.154201,7,VPN_ON,22.50,234.25,0.00
2025-11-12T22:37:15.168644,7,VPN_ON,36.30,220.48,0.00
2025-11-12T22:37:16.144126,7,VPN_ON,12.30,208.20,0.00
2025-11-12T22:37:17.148646,7,VPN_ON,16.40,195.44,0.00
2025-11-12T22:37:18.146991,7,VPN_ON,14.20,183.36,0.00
2025-11-12T22:37:19.194580,7,VPN_ON,60.90,174.82,0.00
2025-11-12T22:37:20.144144,7,VPN_ON,12.20,166.94,0.00
2025-11-12T22:37:21.146657,7,VPN_ON,14.20,156.63,0.00
2025-11-12T22:37:22.146663,7,VPN_ON,13.20,146.90,0.00
2025-11-12T22:37:23.203306,7,VPN_ON,69.70,141.25,0.00
2025-11-12T22:37:24.144451,7,VPN_ON,12.50,136.00,0.00
2025-11-12T22:37:25.149798,7,VPN_ON,17.90,127.84,0.00
2025-11-12T22:37:26.145543,7,VPN_ON,12.80,120.17,0.00
2025-11-12T22:37:27.150947,7,VPN_ON,14.50,112.76,0.00
2025-11-12T22:37:28.155856,7,VPN_ON,19.40,106.02,0.00
2025-11-12T22:37:29.148817,7,VPN_ON,12.40,99.83,0.00
2025-11-12T22:37:30.148318,7,VPN_ON,11.30,93.66,0.00
2025-11-12T22:37:31.151109,7,VPN_ON,12.60,87.89,0.00
2025-11-12T22:37:32.150490,7,VPN_ON,12.00,82.43,0.00
2025-11-12T22:37:33.152254,7,VPN_ON,13.10,77.35,0.00
2025-11-12T22:37:34.163349,7,VPN_ON,23.90,73.19,0.00
2025-11-12T22:37:35.153653,7,VPN_ON,14.20,69.22,0.00
2025-11-12T22:37:36.154462,7,VPN_ON,13.70,64.93,0.00
2025-11-12T22:37:37.155649,7,VPN_ON,14.10,60.89,0.00
2025-11-12T22:37:38.200813,7,VPN_ON,58.00,59.83,0.00
2025-11-12T22:37:39.155087,7,VPN_ON,13.10,58.90,0.00
2025-11-12T22:37:40.157404,7,VPN_ON,14.20,55.29,0.00
2025-11-12T22:37:41.156915,7,VPN_ON,13.20,51.89,0.00
2025-11-12T22:37:42.186348,7,VPN_ON,41.20,50.40,0.00
2025-11-12T22:37:43.164841,7,VPN_ON,21.20,48.50,0.00
2025-11-12T22:37:44.155758,7,VPN_ON,12.10,46.04,0.00
2025-11-12T22:37:46.544033,7,VPN_ON,20.60,43.69,0.00
2025-11-12T22:37:47.624328,7,VPN_ON,100.00,45.92,0.00
2025-11-12T22:37:48.554999,7,VPN_ON,34.10,47.17,0.00
2025-11-12T22:37:49.579434,7,VPN_ON,58.70,45.76,0.00
2025-11-12T22:37:50.615422,7,VPN_ON,95.80,45.22,0.00
2025-11-12T22:37:51.566705,7,VPN_ON,49.90,45.26,0.00
2025-11-12T22:37:52.579946,7,VPN_ON,64.70,43.36,0.00
2025-11-12T22:37:53.536914,7,VPN_ON,23.10,43.25,0.00
2025-11-12T22:37:54.549920,7,VPN_ON,36.30,41.37,0.00
2025-11-12T22:37:55.525178,7,VPN_ON,11.10,40.36,0.00
2025-11-12T22:37:56.541319,7,VPN_ON,26.20,38.78,0.00
2025-11-12T22:37:57.546082,7,VPN_ON,31.00,36.66,0.00
2025-11-12T22:37:58.553857,7,VPN_ON,39.00,34.87,0.00
2025-11-12T22:37:59.528088,7,VPN_ON,13.20,34.30,0.00
2025-11-12T22:38:00.576848,7,VPN_ON,60.90,35.14,0.00
2025-11-12T22:38:01.530718,7,VPN_ON,16.60,35.71,0.00
2025-11-12T22:38:02.541581,7,VPN_ON,26.80,34.12,0.00
2025-11-12T22:38:03.526425,7,VPN_ON,11.60,32.93,0.00
2025-11-12T22:38:04.528425,7,VPN_ON,12.90,30.96,0.00
2025-11-12T22:38:05.536893,7,VPN_ON,20.30,29.48,0.00
2025-11-12T22:38:06.531613,7,VPN_ON,14.70,27.99,0.00
2025-11-12T22:38:07.530544,7,VPN_ON,12.90,26.35,0.00
2025-11-12T22:38:08.535131,7,VPN_ON,16.60,24.94,0.00
2025-11-12T22:38:09.537595,7,VPN_ON,18.50,23.50,0.00
2025-11-12T22:38:10.533129,7,VPN_ON,13.60,22.34,0.00
2025-11-12T22:38:11.533706,7,VPN_ON,13.60,20.94,0.00
2025-11-12T22:38:12.532689,7,VPN_ON,12.20,19.72,0.00
2025-11-12T22:38:13.584035,7,VPN_ON,62.30,21.62,0.00
2025-11-12T22:38:14.541457,7,VPN_ON,21.60,22.81,0.00
2025-11-12T22:38:15.568310,7,VPN_ON,48.00,23.03,0.00
2025-11-12T22:38:16.539142,7,VPN_ON,19.90,23.35,0.00
2025-11-12T22:38:17.530538,7,VPN_ON,10.50,22.48,0.00
2025-11-12T22:38:19.948802,7,VPN_ON,16.90,21.47,0.00
2025-11-12T22:38:20.976346,7,VPN_ON,43.70,21.81,0.00
2025-11-12T22:38:21.958030,7,VPN_ON,26.60,21.51,0.00
2025-11-12T22:38:22.964185,7,VPN_ON,32.40,20.53,0.00
2025-11-12T22:38:23.942509,7,VPN_ON,10.50,20.62,0.00
2025-11-12T22:38:24.946362,7,VPN_ON,14.00,19.55,0.00
2025-11-12T22:38:25.977944,7,VPN_ON,44.80,20.25,0.00
2025-11-12T22:38:26.989199,7,VPN_ON,56.20,19.70,0.00
2025-11-12T22:38:28.021802,7,VPN_ON,90.00,20.58,0.00
2025-11-12T22:38:28.981657,7,VPN_ON,51.90,21.67,0.00
2025-11-12T22:38:29.969916,7,VPN_ON,41.80,20.95,0.00
2025-11-12T22:38:30.943668,7,VPN_ON,15.90,21.26,0.00
2025-11-12T22:38:31.945423,7,VPN_ON,16.40,19.96,0.00
2025-11-12T22:38:32.949056,7,VPN_ON,19.60,18.91,0.00
2025-11-12T22:38:33.943749,7,VPN_ON,14.30,18.06,0.00
2025-11-12T22:38:35.056024,7,VPN_ON,127.00,23.98,0.00
2025-11-12T22:38:35.982879,7,VPN_ON,58.90,26.74,0.00
2025-11-12T22:38:36.968436,7,VPN_ON,45.80,25.88,0.00
2025-11-12T22:38:37.934032,7,VPN_ON,12.90,26.32,0.00
2025-11-12T22:38:39.016638,7,VPN_ON,94.60,29.78,0.00
2025-11-12T22:38:39.941525,7,VPN_ON,22.50,32.43,0.00
2025-11-12T22:38:40.977992,7,VPN_ON,58.70,32.66,0.00
2025-11-12T22:38:41.973205,7,VPN_ON,55.00,30.85,0.00
2025-11-12T22:38:42.984300,7,VPN_ON,67.20,29.69,0.00
2025-11-12T22:38:43.930123,7,VPN_ON,16.00,31.03,0.00
2025-11-12T22:38:44.961579,7,VPN_ON,46.50,31.00,0.00
2025-11-12T22:38:45.929173,7,VPN_ON,14.50,31.06,0.00
2025-11-12T22:38:46.929398,7,VPN_ON,15.00,29.15,0.00
2025-11-12T22:38:47.927264,7,VPN_ON,12.00,27.52,0.00
2025-11-12T22:38:48.931074,7,VPN_ON,14.70,25.97,0.00
2025-11-12T22:38:49.930348,7,VPN_ON,13.20,24.44,0.00
2025-11-12T22:38:50.930768,7,VPN_ON,12.40,22.96,0.00
2025-11-12T22:38:53.426049,7,VPN_ON,50.50,23.91,0.00
2025-11-12T22:38:54.421356,7,VPN_ON,46.30,22.67,0.00
2025-11-12T22:38:55.386797,7,VPN_ON,12.40,23.38,0.00
2025-11-12T22:38:56.388318,7,VPN_ON,13.90,22.01,0.00
2025-11-12T22:38:57.388115,7,VPN_ON,13.30,20.67,0.00
2025-11-12T22:38:58.428020,7,VPN_ON,53.20,21.87,0.00
2025-11-12T22:38:59.387575,7,VPN_ON,14.00,22.96,0.00
2025-11-12T22:39:00.388019,7,VPN_ON,13.90,21.53,0.00
2025-11-12T22:39:01.403153,7,VPN_ON,28.20,21.08,0.00
2025-11-12T22:39:02.416771,7,VPN_ON,41.00,20.56,0.00
2025-11-12T22:39:03.386043,7,VPN_ON,11.10,21.14,0.00
2025-11-12T22:39:04.387243,7,VPN_ON,11.60,19.85,0.00
2025-11-12T22:39:05.402547,7,VPN_ON,26.30,19.53,0.00
2025-11-12T22:39:06.446397,7,VPN_ON,69.70,21.02,0.00
2025-11-12T22:39:07.394348,7,VPN_ON,20.00,22.81,0.00
2025-11-12T22:39:08.388671,7,VPN_ON,15.00,21.70,0.00
2025-11-12T22:39:09.412312,7,VPN_ON,36.60,21.69,0.00
2025-11-12T22:39:10.386905,7,VPN_ON,11.70,21.89,0.00
2025-11-12T22:39:11.388390,7,VPN_ON,12.80,20.60,0.00
2025-11-12T22:39:12.391988,7,VPN_ON,15.70,19.49,0.00
2025-11-12T22:39:13.416626,7,VPN_ON,39.70,19.77,0.00
2025-11-12T22:39:14.389360,7,VPN_ON,12.70,20.22,0.00
2025-11-12T22:39:15.390458,7,VPN_ON,13.40,19.00,0.00
2025-11-12T22:39:16.391055,7,VPN_ON,13.80,17.84,0.00
2025-11-12T22:39:17.392341,7,VPN_ON,14.70,16.78,0.00
2025-11-12T22:39:18.412234,7,VPN_ON,34.50,16.97,0.00
2025-11-12T22:39:19.388509,7,VPN_ON,11.30,17.36,0.00
2025-11-12T22:39:20.391587,7,VPN_ON,13.00,16.38,0.00
2025-11-12T22:39:21.395547,7,VPN_ON,15.60,15.52,0.00
2025-11-12T22:39:22.392567,7,VPN_ON,12.30,14.76,0.00
2025-11-12T22:39:23.401472,7,VPN_ON,19.90,14.31,0.00
2025-11-12T22:39:24.394939,7,VPN_ON,12.60,13.87,0.00
2025-11-12T22:39:26.866357,7,VPN_ON,18.10,13.35,0.00
2025-11-12T22:39:27.862487,7,VPN_ON,14.10,12.76,0.00
2025-11-12T22:39:28.860990,7,VPN_ON,11.20,12.15,0.00
2025-11-12T22:39:29.864158,7,VPN_ON,13.00,11.50,0.00
2025-11-12T22:39:30.866686,7,VPN_ON,14.70,10.89,0.00
2025-11-12T22:39:31.865253,7,VPN_ON,12.50,10.34,0.00
2025-11-12T22:39:32.865078,7,VPN_ON,11.70,9.75,0.00
2025-11-12T22:39:33.867546,7,VPN_ON,13.40,9.24,0.00
2025-11-12T22:39:34.869484,7,VPN_ON,14.80,8.75,0.00
2025-11-12T22:39:35.871242,7,VPN_ON,16.10,8.29,0.00
2025-11-12T22:39:36.869787,7,VPN_ON,13.50,7.93,0.00
2025-11-12T22:39:37.868215,7,VPN_ON,11.60,7.56,0.00
2025-11-12T22:39:38.870120,7,VPN_ON,12.80,7.16,0.00
2025-11-12T22:39:39.870598,7,VPN_ON,13.20,6.74,0.00
2025-11-12T22:39:40.868285,7,VPN_ON,11.40,6.43,0.00
2025-11-12T22:39:41.868657,7,VPN_ON,11.60,6.04,0.00
2025-11-12T22:39:42.876020,7,VPN_ON,18.30,6.08,0.00
2025-11-12T22:39:43.873274,7,VPN_ON,16.00,5.84,0.00
2025-11-12T22:39:44.872592,7,VPN_ON,14.30,5.58,0.00
2025-11-12T22:39:45.878076,7,VPN_ON,19.80,5.58,0.00
2025-11-12T22:39:46.870314,7,VPN_ON,11.10,5.77,0.00
2025-11-12T22:39:47.873717,7,VPN_ON,13.40,5.56,0.00
2025-11-12T22:39:48.874127,7,VPN_ON,13.10,5.23,0.00
2025-11-12T22:39:49.873616,7,VPN_ON,11.60,5.00,0.00
2025-11-12T22:39:50.874604,7,VPN_ON,12.40,4.73,0.00
2025-11-12T22:39:52.006185,7,VPN_ON,143.00,12.60,0.00
2025-11-12T22:39:52.969836,7,VPN_ON,112.00,13.75,0.00
2025-11-12T22:39:53.918462,7,VPN_ON,63.70,15.91,0.00
2025-11-12T22:39:54.872478,7,VPN_ON,19.00,17.71,0.00
2025-11-12T22:39:55.884220,7,VPN_ON,29.70,17.27,0.00
2025-11-12T22:39:56.908189,7,VPN_ON,29.60,16.20,0.00
2025-11-12T22:39:57.891262,7,VPN_ON,36.00,15.59,0.00
2025-11-12T22:39:58.922989,7,VPN_ON,67.90,16.60,0.00
2025-11-12T22:40:01.354561,7,VPN_ON,13.00,19.00,0.00
2025-11-12T22:40:02.376854,7,VPN_ON,34.10,19.13,0.00
2025-11-12T22:40:03.459819,7,VPN_ON,116.00,23.05,0.00
2025-11-12T22:40:04.370843,7,VPN_ON,27.80,27.12,0.00
2025-11-12T22:40:05.463129,7,VPN_ON,119.00,31.13,0.00
2025-11-12T22:40:06.431882,7,VPN_ON,88.70,31.08,0.00
2025-11-12T22:40:07.387937,7,VPN_ON,44.90,31.87,0.00
2025-11-12T22:40:08.398754,7,VPN_ON,54.80,30.50,0.00
2025-11-12T22:40:09.387165,7,VPN_ON,44.40,29.24,0.00
2025-11-12T22:40:10.427087,7,VPN_ON,84.90,29.95,0.00
2025-11-12T22:40:11.366404,7,VPN_ON,26.20,31.74,0.00
2025-11-12T22:40:12.354916,7,VPN_ON,14.50,30.49,0.00
2025-11-12T22:40:13.387049,7,VPN_ON,46.10,30.56,0.00
2025-11-12T22:40:14.375991,7,VPN_ON,35.90,29.29,0.00
2025-11-12T22:40:15.370762,7,VPN_ON,30.70,27.78,0.00
2025-11-12T22:40:16.351012,7,VPN_ON,11.30,27.26,0.00
2025-11-12T22:40:17.351531,7,VPN_ON,10.40,25.61,0.00
2025-11-12T22:40:18.422805,7,VPN_ON,81.40,28.45,0.00
2025-11-12T22:40:19.346929,7,VPN_ON,11.20,31.06,0.00
2025-11-12T22:40:20.398826,7,VPN_ON,62.80,32.34,0.00
2025-11-12T22:40:21.345026,7,VPN_ON,12.30,33.48,0.00
2025-11-12T22:40:22.346821,7,VPN_ON,13.90,31.48,0.00
2025-11-12T22:40:23.349629,7,VPN_ON,17.00,29.71,0.00
2025-11-12T22:40:24.345633,7,VPN_ON,11.80,28.18,0.00
2025-11-12T22:40:25.346411,7,VPN_ON,11.70,26.42,0.00
2025-11-12T22:40:26.346982,7,VPN_ON,12.30,24.81,0.00
2025-11-12T22:40:27.347115,7,VPN_ON,11.00,23.34,0.00
2025-11-12T22:40:28.348302,7,VPN_ON,11.10,21.89,0.00
2025-11-12T22:40:29.349308,7,VPN_ON,10.90,20.53,0.00
2025-11-12T22:40:30.350261,7,VPN_ON,10.90,19.25,0.00
2025-11-12T22:40:31.354585,7,VPN_ON,14.20,18.25,0.00
2025-11-12T22:40:32.354856,7,VPN_ON,13.20,17.17,0.00
2025-11-12T22:40:34.797679,7,VPN_ON,12.90,16.12,0.00
2025-11-12T22:40:35.797147,7,VPN_ON,11.60,15.19,0.00
2025-11-12T22:40:36.800464,7,VPN_ON,13.60,14.37,0.00
2025-11-12T22:40:37.798676,7,VPN_ON,11.50,13.60,0.00
2025-11-12T22:40:38.802317,7,VPN_ON,14.20,12.92,0.00
2025-11-12T22:40:39.802703,7,VPN_ON,13.90,12.13,0.00
2025-11-12T22:40:40.803958,7,VPN_ON,14.60,11.42,0.00
2025-11-12T22:40:41.803087,7,VPN_ON,13.00,10.80,0.00
2025-11-12T22:40:42.806371,7,VPN_ON,15.20,10.27,0.00
2025-11-12T22:40:43.804010,7,VPN_ON,12.50,9.79,0.00
2025-11-12T22:40:44.802903,7,VPN_ON,10.80,9.29,0.00
2025-11-12T22:40:45.804568,7,VPN_ON,11.60,8.76,0.00
2025-11-12T22:40:46.808102,7,VPN_ON,14.40,8.38,0.00
2025-11-12T22:40:47.807777,7,VPN_ON,13.60,7.91,0.00
2025-11-12T22:40:48.809081,7,VPN_ON,14.30,7.46,0.00
2025-11-12T22:40:49.811339,7,VPN_ON,16.40,7.12,0.00
2025-11-12T22:40:50.809359,7,VPN_ON,14.20,6.82,0.00
2025-11-12T22:40:51.805006,7,VPN_ON,10.50,6.62,0.00
2025-11-12T22:40:52.805795,7,VPN_ON,10.70,6.22,0.00
2025-11-12T22:40:53.806999,7,VPN_ON,11.40,5.88,0.00
2025-11-12T22:40:54.807966,7,VPN_ON,12.60,5.58,0.00
2025-11-12T22:40:55.806312,7,VPN_ON,11.20,5.32,0.00
2025-11-12T22:40:56.806999,7,VPN_ON,11.70,5.02,0.00
2025-11-12T22:40:57.808365,7,VPN_ON,12.30,4.74,0.00
2025-11-12T22:40:58.813577,7,VPN_ON,16.50,4.71,0.00
2025-11-12T22:40:59.810809,7,VPN_ON,13.40,4.61,0.00
2025-11-12T22:41:00.811129,7,VPN_ON,13.70,4.34,0.00
2025-11-12T22:41:01.810523,7,VPN_ON,12.80,4.13,0.00
2025-11-12T22:41:02.809645,7,VPN_ON,11.50,3.95,0.00
2025-11-12T22:41:03.808740,7,VPN_ON,10.80,3.75,0.00
2025-11-12T22:41:04.811569,7,VPN_ON,12.90,3.64,0.00
2025-11-12T22:41:05.814081,7,VPN_ON,14.60,3.52,0.00
2025-11-12T22:41:08.372154,7,VPN_ON,12.00,3.46,0.00
2025-11-12T22:41:09.377991,7,VPN_ON,16.70,3.54,0.00
2025-11-12T22:41:10.375885,7,VPN_ON,12.80,3.56,0.00
2025-11-12T22:41:11.377429,7,VPN_ON,12.40,3.37,0.00
2025-11-12T22:41:12.379428,7,VPN_ON,12.90,3.19,0.00
2025-11-12T22:41:13.380552,7,VPN_ON,13.00,2.99,0.00
2025-11-12T22:41:14.381492,7,VPN_ON,12.80,2.82,0.00
2025-11-12T22:41:15.381793,7,VPN_ON,11.40,2.73,0.00
2025-11-12T22:41:16.385574,7,VPN_ON,14.70,2.77,0.00
2025-11-12T22:41:17.389279,7,VPN_ON,17.60,2.77,0.00
2025-11-12T22:41:18.383994,7,VPN_ON,11.90,2.96,0.00
2025-11-12T22:41:19.385797,7,VPN_ON,13.00,2.84,0.00
2025-11-12T22:41:20.389435,7,VPN_ON,15.50,2.82,0.00
2025-11-12T22:41:21.386217,7,VPN_ON,12.00,2.86,0.00
2025-11-12T22:41:22.386332,7,VPN_ON,11.40,2.72,0.00
2025-11-12T22:41:23.389899,7,VPN_ON,14.50,2.74,0.00
2025-11-12T22:41:24.389526,7,VPN_ON,13.80,2.62,0.00
2025-11-12T22:41:25.389831,7,VPN_ON,13.30,2.48,0.00
2025-11-12T22:41:26.388592,7,VPN_ON,11.80,2.42,0.00
2025-11-12T22:41:27.393166,7,VPN_ON,16.60,2.57,0.00
2025-11-12T22:41:28.387424,7,VPN_ON,12.00,2.70,0.00
2025-11-12T22:41:29.386749,7,VPN_ON,11.30,2.57,0.00
2025-11-12T22:41:30.389592,7,VPN_ON,13.70,2.56,0.00
2025-11-12T22:41:31.389826,7,VPN_ON,13.20,2.43,0.00
2025-11-12T22:41:32.399163,7,VPN_ON,21.20,2.78,0.00
2025-11-12T22:41:33.390541,7,VPN_ON,13.00,3.12,0.00
2025-11-12T22:41:34.391625,7,VPN_ON,13.00,2.93,0.00
2025-11-12T22:41:35.392832,7,VPN_ON,13.10,2.75,0.00
2025-11-12T22:41:36.392969,7,VPN_ON,12.70,2.60,0.00
2025-11-12T22:41:37.394455,7,VPN_ON,13.50,2.49,0.00
2025-11-12T22:41:38.393575,7,VPN_ON,12.50,2.40,0.00
2025-11-12T22:41:39.392195,7,VPN_ON,11.40,2.32,0.00
2025-11-12T22:41:41.930750,7,VPN_ON,10.50,2.23,0.00
2025-11-12T22:41:42.933548,7,VPN_ON,12.70,2.23,0.00
2025-11-12T22:41:43.936575,7,VPN_ON,13.90,2.16,0.00
2025-11-12T22:41:44.936772,7,VPN_ON,13.00,2.08,0.00
2025-11-12T22:41:45.937588,7,VPN_ON,12.70,1.97,0.00
2025-11-12T22:41:46.938613,7,VPN_ON,11.90,1.90,0.00
2025-11-12T22:41:47.941852,7,VPN_ON,14.10,1.92,0.00
2025-11-12T22:41:48.942845,7,VPN_ON,13.90,1.81,0.00
2025-11-12T22:41:49.941169,7,VPN_ON,12.10,1.81,0.00
2025-11-12T22:41:50.939456,7,VPN_ON,10.30,1.81,0.00
2025-11-12T22:41:51.941726,7,VPN_ON,12.20,1.81,0.00
2025-11-12T22:41:52.943952,7,VPN_ON,14.20,1.83,0.00
2025-11-12T22:41:53.940854,7,VPN_ON,11.10,1.91,0.00
2025-11-12T22:41:54.943248,7,VPN_ON,13.50,1.94,0.00
2025-11-12T22:41:55.938913,7,VPN_ON,9.79,2.05,0.00
2025-11-12T22:41:56.941813,7,VPN_ON,12.10,2.06,0.00
2025-11-12T22:41:57.946759,7,VPN_ON,17.10,2.25,0.00
2025-11-12T22:41:58.943424,7,VPN_ON,14.60,2.26,0.00
2025-11-12T22:41:59.942299,7,VPN_ON,12.90,2.23,0.00
2025-11-12T22:42:00.942361,7,VPN_ON,12.60,2.11,0.00
2025-11-12T22:42:01.941997,7,VPN_ON,11.60,2.04,0.00
2025-11-12T22:42:02.945401,7,VPN_ON,14.40,2.09,0.00
2025-11-12T22:42:03.942917,7,VPN_ON,11.60,2.13,0.00
2025-11-12T22:42:04.944038,7,VPN_ON,12.20,2.03,0.00
2025-11-12T22:42:05.956302,7,VPN_ON,23.40,2.61,0.00
2025-11-12T22:42:06.945207,7,VPN_ON,12.00,3.16,0.00
2025-11-12T22:42:07.945790,7,VPN_ON,11.70,2.98,0.00
2025-11-12T22:42:08.947126,7,VPN_ON,12.40,2.84,0.00
2025-11-12T22:42:09.948107,7,VPN_ON,13.10,2.70,0.00
2025-11-12T22:42:10.947182,7,VPN_ON,11.20,2.65,0.00
2025-11-12T22:42:11.948618,7,VPN_ON,12.10,2.54,0.00
2025-11-12T22:42:12.951382,7,VPN_ON,13.60,2.48,0.00
2025-11-12T22:42:13.951213,7,VPN_ON,12.90,2.37,0.00
2025-11-12T22:42:16.663145,7,VPN_ON,12.30,2.26,0.00
2025-11-12T22:42:17.669743,7,VPN_ON,13.40,2.18,0.00
2025-11-12T22:42:18.674633,7,VPN_ON,12.90,2.08,0.00
2025-11-12T22:42:19.680791,7,VPN_ON,13.50,1.99,0.00
2025-11-12T22:42:20.687604,7,VPN_ON,14.90,1.95,0.00
2025-11-12T22:42:21.689931,7,VPN_ON,11.80,2.02,0.00
2025-11-12T22:42:22.695321,7,VPN_ON,11.70,1.90,0.00
2025-11-12T22:42:23.697601,7,VPN_ON,12.40,1.83,0.00
2025-11-12T22:42:24.697290,7,VPN_ON,11.80,1.75,0.00
2025-11-12T22:42:25.700118,7,VPN_ON,14.00,1.78,0.00
2025-11-12T22:42:26.701908,7,VPN_ON,14.90,1.72,0.00
2025-11-12T22:42:27.699078,7,VPN_ON,11.30,1.84,0.00
2025-11-12T22:42:28.702863,7,VPN_ON,13.90,1.89,0.00
2025-11-12T22:42:29.702037,7,VPN_ON,12.30,1.87,0.00
2025-11-12T22:42:30.703142,7,VPN_ON,12.20,1.76,0.00
2025-11-12T22:42:31.707368,7,VPN_ON,15.30,1.84,0.00
2025-11-12T22:42:32.705352,7,VPN_ON,14.10,1.80,0.00
2025-11-12T22:42:33.702445,7,VPN_ON,11.40,1.86,0.00
2025-11-12T22:42:34.701368,7,VPN_ON,10.10,1.82,0.00
2025-11-12T22:42:35.704421,7,VPN_ON,13.10,1.90,0.00
2025-11-12T22:42:36.703881,7,VPN_ON,12.60,1.81,0.00
2025-11-12T22:42:37.702237,7,VPN_ON,11.50,1.77,0.00
2025-11-12T22:42:38.702463,7,VPN_ON,11.20,1.67,0.00
2025-11-12T22:42:39.704465,7,VPN_ON,13.10,1.69,0.00
2025-11-12T22:42:40.704682,7,VPN_ON,12.10,1.65,0.00
2025-11-12T22:42:41.705747,7,VPN_ON,12.20,1.55,0.00
2025-11-12T22:42:42.709110,7,VPN_ON,14.50,1.60,0.00
2025-11-12T22:42:43.710349,7,VPN_ON,15.20,1.54,0.00
2025-11-12T22:42:44.707032,7,VPN_ON,12.90,1.59,0.00
2025-11-12T22:42:45.710285,7,VPN_ON,15.40,1.64,0.00
2025-11-12T22:42:46.708505,7,VPN_ON,13.30,1.67,0.00
2025-11-12T22:42:47.716370,7,VPN_ON,21.00,2.05,0.00
2025-11-12T22:42:50.232017,7,VPN_ON,15.00,2.30,0.00
2025-11-12T22:42:51.232609,7,VPN_ON,14.70,2.17,0.00
2025-11-12T22:42:52.229956,7,VPN_ON,11.40,2.24,0.00
2025-11-12T22:42:53.233746,7,VPN_ON,13.70,2.25,0.00
2025-11-12T22:42:54.231653,7,VPN_ON,10.80,2.29,0.00
2025-11-12T22:42:55.233973,7,VPN_ON,12.30,2.24,0.00
2025-11-12T22:42:56.235565,7,VPN_ON,12.50,2.11,0.00
2025-11-12T22:42:57.237316,7,VPN_ON,12.70,1.99,0.00
2025-11-12T22:42:58.236742,7,VPN_ON,12.00,1.91,0.00
2025-11-12T22:42:59.236023,7,VPN_ON,11.70,1.81,0.00
2025-11-12T22:43:00.235937,7,VPN_ON,12.30,1.73,0.00
2025-11-12T22:43:01.235579,7,VPN_ON,12.00,1.64,0.00
2025-11-12T22:43:02.234882,7,VPN_ON,11.60,1.57,0.00
2025-11-12T22:43:03.234702,7,VPN_ON,12.00,1.49,0.00
2025-11-12T22:43:04.236893,7,VPN_ON,14.90,1.58,0.00
2025-11-12T22:43:05.233458,7,VPN_ON,11.70,1.68,0.00
2025-11-12T22:43:06.240825,7,VPN_ON,20.10,2.10,0.00
2025-11-12T22:43:07.236544,7,VPN_ON,15.90,2.23,0.00
2025-11-12T22:43:08.232253,7,VPN_ON,10.60,2.43,0.00
2025-11-12T22:43:09.233426,7,VPN_ON,11.20,2.31,0.00
2025-11-12T22:43:10.234214,7,VPN_ON,10.80,2.19,0.00
2025-11-12T22:43:11.237424,7,VPN_ON,13.20,2.20,0.00
2025-11-12T22:43:12.239649,7,VPN_ON,14.20,2.13,0.00
2025-11-12T22:43:13.239284,7,VPN_ON,13.50,2.04,0.00
2025-11-12T22:43:14.240961,7,VPN_ON,14.70,1.99,0.00
2025-11-12T22:43:15.240310,7,VPN_ON,13.40,1.94,0.00
2025-11-12T22:43:16.241033,7,VPN_ON,13.70,1.84,0.00
2025-11-12T22:43:17.240887,7,VPN_ON,12.80,1.78,0.00
2025-11-12T22:43:18.240235,7,VPN_ON,11.60,1.75,0.00
2025-11-12T22:43:19.241576,7,VPN_ON,12.90,1.72,0.00
2025-11-12T22:43:20.241299,7,VPN_ON,11.80,1.68,0.00
2025-11-12T22:43:21.245306,7,VPN_ON,15.60,1.81,0.00
2025-11-12T22:43:23.992317,7,VPN_ON,16.50,1.76,0.00
2025-11-12T22:43:25.003837,7,VPN_ON,14.60,1.76,0.00
2025-11-12T22:43:26.015779,7,VPN_ON,14.60,1.65,0.00
2025-11-12T22:43:27.027767,7,VPN_ON,14.70,1.56,0.00
2025-11-12T22:43:28.031799,7,VPN_ON,17.30,1.62,0.00
2025-11-12T22:43:29.027544,7,VPN_ON,12.80,1.80,0.00
2025-11-12T22:43:30.031165,7,VPN_ON,15.70,1.87,0.00
2025-11-12T22:43:31.029379,7,VPN_ON,13.30,1.90,0.00
2025-11-12T22:43:32.028545,7,VPN_ON,12.60,1.83,0.00
2025-11-12T22:43:33.030303,7,VPN_ON,14.20,1.81,0.00
2025-11-12T22:43:34.027353,7,VPN_ON,11.40,1.88,0.00
2025-11-12T22:43:35.029622,7,VPN_ON,13.80,1.91,0.00
2025-11-12T22:43:36.029388,7,VPN_ON,13.20,1.83,0.00
2025-11-12T22:43:37.032302,7,VPN_ON,16.30,1.91,0.00
2025-11-12T22:43:38.029487,7,VPN_ON,13.60,1.96,0.00
2025-11-12T22:43:39.033839,7,VPN_ON,17.80,2.10,0.00
2025-11-12T22:43:40.030644,7,VPN_ON,14.80,2.15,0.00
2025-11-12T22:43:41.025427,7,VPN_ON,10.20,2.31,0.00
2025-11-12T22:43:42.027369,7,VPN_ON,12.50,2.31,0.00
2025-11-12T22:43:43.037269,7,VPN_ON,21.80,2.74,0.00
2025-11-12T22:43:44.025982,7,VPN_ON,11.50,3.21,0.00
2025-11-12T22:43:45.027012,7,VPN_ON,12.00,3.05,0.00
2025-11-12T22:43:46.026139,7,VPN_ON,11.20,2.90,0.00
2025-11-12T22:43:47.029782,7,VPN_ON,13.60,2.87,0.00
2025-11-12T22:43:48.027931,7,VPN_ON,11.30,2.84,0.00
2025-11-12T22:43:49.028456,7,VPN_ON,10.60,2.70,0.00
2025-11-12T22:43:50.028965,7,VPN_ON,10.60,2.53,0.00
2025-11-12T22:43:51.029604,7,VPN_ON,10.70,2.38,0.00
2025-11-12T22:43:52.030096,7,VPN_ON,11.20,2.27,0.00
2025-11-12T22:43:53.033942,7,VPN_ON,13.90,2.29,0.00
2025-11-12T22:43:54.033309,7,VPN_ON,12.40,2.24,0.00
2025-11-12T22:43:55.032818,7,VPN_ON,11.40,2.17,0.00
2025-11-12T22:43:57.669556,7,VPN_ON,13.50,2.16,0.00
2025-11-12T22:43:58.670874,7,VPN_ON,13.20,2.04,0.00
2025-11-12T22:43:59.674645,7,VPN_ON,15.50,2.06,0.00
2025-11-12T22:44:00.671804,7,VPN_ON,11.10,2.21,0.00
2025-11-12T22:44:01.687814,7,VPN_ON,25.80,2.99,0.00
2025-11-12T22:44:02.674961,7,VPN_ON,11.20,3.71,0.00
2025-11-12T22:44:03.678587,7,VPN_ON,13.60,3.63,0.00
2025-11-12T22:44:04.678994,7,VPN_ON,13.10,3.44,0.00
2025-11-12T22:44:05.677609,7,VPN_ON,11.40,3.33,0.00
2025-11-12T22:44:06.679666,7,VPN_ON,13.30,3.24,0.00
2025-11-12T22:44:07.679380,7,VPN_ON,13.20,3.04,0.00
2025-11-12T22:44:08.679164,7,VPN_ON,12.70,2.88,0.00
2025-11-12T22:44:09.677702,7,VPN_ON,11.00,2.81,0.00
2025-11-12T22:44:10.678330,7,VPN_ON,10.80,2.65,0.00
2025-11-12T22:44:11.681062,7,VPN_ON,13.20,2.63,0.00
2025-11-12T22:44:12.678394,7,VPN_ON,10.60,2.63,0.00
2025-11-12T22:44:13.681189,7,VPN_ON,12.50,2.58,0.00
2025-11-12T22:44:14.684137,7,VPN_ON,15.00,2.58,0.00
2025-11-12T22:44:15.679217,7,VPN_ON,10.30,2.71,0.00
2025-11-12T22:44:16.681124,7,VPN_ON,12.50,2.68,0.00
2025-11-12T22:44:17.681001,7,VPN_ON,11.60,2.57,0.00
2025-11-12T22:44:18.691546,7,VPN_ON,21.40,3.02,0.00
2025-11-12T22:44:19.682564,7,VPN_ON,13.10,3.35,0.00
2025-11-12T22:44:20.691849,7,VPN_ON,21.20,3.65,0.00
2025-11-12T22:44:21.681226,7,VPN_ON,10.80,4.07,0.00
2025-11-12T22:44:22.685101,7,VPN_ON,13.80,4.00,0.00
2025-11-12T22:44:23.685505,7,VPN_ON,14.00,3.76,0.00
2025-11-12T22:44:24.685493,7,VPN_ON,12.80,3.60,0.00
2025-11-12T22:44:25.686162,7,VPN_ON,12.70,3.38,0.00
2025-11-12T22:44:26.686764,7,VPN_ON,13.20,3.20,0.00
2025-11-12T22:44:27.693393,7,VPN_ON,18.50,3.34,0.00
2025-11-12T22:44:28.686716,7,VPN_ON,11.40,3.57,0.00
2025-11-12T22:44:29.701793,7,VPN_ON,23.60,4.11,0.00
2025-11-12T22:44:32.344484,7,VPN_ON,20.10,4.07,0.00
2025-11-12T22:44:33.345738,7,VPN_ON,17.60,3.97,0.00
2025-11-12T22:44:34.345590,7,VPN_ON,13.80,3.96,0.00
2025-11-12T22:44:35.349143,7,VPN_ON,15.70,3.83,0.00
2025-11-12T22:44:36.350864,7,VPN_ON,16.50,3.64,0.00
2025-11-12T22:44:37.347237,7,VPN_ON,12.30,3.68,0.00
2025-11-12T22:44:38.347330,7,VPN_ON,12.50,3.46,0.00
2025-11-12T22:44:39.350168,7,VPN_ON,15.40,3.43,0.00
2025-11-12T22:44:40.347535,7,VPN_ON,12.70,3.38,0.00
2025-11-12T22:44:41.349153,7,VPN_ON,14.50,3.28,0.00
2025-11-12T22:44:42.350378,7,VPN_ON,15.20,3.12,0.00
2025-11-12T22:44:43.346848,7,VPN_ON,12.20,3.11,0.00
2025-11-12T22:44:44.345784,7,VPN_ON,11.30,2.98,0.00
2025-11-12T22:44:45.347768,7,VPN_ON,13.30,2.91,0.00
2025-11-12T22:44:46.347964,7,VPN_ON,13.30,2.73,0.00
2025-11-12T22:44:47.347325,7,VPN_ON,13.00,2.58,0.00
2025-11-12T22:44:48.346901,7,VPN_ON,12.90,2.42,0.00
2025-11-12T22:44:49.346470,7,VPN_ON,11.70,2.35,0.00
2025-11-12T22:44:50.359466,7,VPN_ON,24.30,2.99,0.00
2025-11-12T22:44:51.345288,7,VPN_ON,11.20,3.62,0.00
2025-11-12T22:44:52.345712,7,VPN_ON,11.70,3.43,0.00
2025-11-12T22:44:53.348911,7,VPN_ON,14.50,3.39,0.00
2025-11-12T22:44:54.347763,7,VPN_ON,12.30,3.31,0.00
2025-11-12T22:44:55.348508,7,VPN_ON,13.00,3.15,0.00
2025-11-12T22:44:56.349751,7,VPN_ON,13.10,2.96,0.00
2025-11-12T22:44:57.350164,7,VPN_ON,12.50,2.81,0.00
2025-11-12T22:44:58.352381,7,VPN_ON,14.20,2.74,0.00
2025-11-12T22:44:59.353000,7,VPN_ON,13.40,2.62,0.00
2025-11-12T22:45:00.351548,7,VPN_ON,11.80,2.56,0.00
2025-11-12T22:45:01.353682,7,VPN_ON,13.20,2.48,0.00
2025-11-12T22:45:02.354196,7,VPN_ON,12.50,2.37,0.00
2025-11-12T22:45:03.364396,7,VPN_ON,21.50,2.79,0.00
2025-11-12T22:45:05.981396,7,VPN_ON,14.50,3.05,0.00
2025-11-12T22:45:06.985504,7,VPN_ON,14.40,2.87,0.00
2025-11-12T22:45:07.986188,7,VPN_ON,13.70,2.73,0.00
2025-11-12T22:45:08.986172,7,VPN_ON,13.00,2.60,0.00
2025-11-12T22:45:09.989613,7,VPN_ON,15.30,2.58,0.00
2025-11-12T22:45:10.987315,7,VPN_ON,12.70,2.59,0.00
2025-11-12T22:45:11.989137,7,VPN_ON,13.80,2.49,0.00
2025-11-12T22:45:12.988201,7,VPN_ON,12.30,2.43,0.00
2025-11-12T22:45:13.989110,7,VPN_ON,13.20,2.34,0.00
2025-11-12T22:45:14.988176,7,VPN_ON,12.10,2.26,0.00
2025-11-12T22:45:15.991169,7,VPN_ON,15.30,2.32,0.00
2025-11-12T22:45:16.990482,7,VPN_ON,14.50,2.22,0.00
2025-11-12T22:45:17.990019,7,VPN_ON,14.60,2.09,0.00
2025-11-12T22:45:18.987658,7,VPN_ON,13.30,2.04,0.00
2025-11-12T22:45:19.985966,7,VPN_ON,11.00,2.06,0.00
2025-11-12T22:45:20.986131,7,VPN_ON,10.80,1.94,0.00
2025-11-12T22:45:21.987200,7,VPN_ON,11.70,1.88,0.00
2025-11-12T22:45:22.987342,7,VPN_ON,11.10,1.80,0.00
2025-11-12T22:45:23.993929,7,VPN_ON,16.60,2.03,0.00
2025-11-12T22:45:24.995350,7,VPN_ON,17.80,1.98,0.00
2025-11-12T22:45:25.989479,7,VPN_ON,12.20,2.20,0.00
2025-11-12T22:45:26.991302,7,VPN_ON,12.70,2.10,0.00
2025-11-12T22:45:27.990974,7,VPN_ON,11.60,2.03,0.00
2025-11-12T22:45:28.992535,7,VPN_ON,12.70,1.98,0.00
2025-11-12T22:45:29.992205,7,VPN_ON,11.50,1.93,0.00
2025-11-12T22:45:30.992423,7,VPN_ON,11.10,1.83,0.00
2025-11-12T22:45:31.994947,7,VPN_ON,12.60,1.81,0.00
2025-11-12T22:45:32.998993,7,VPN_ON,16.20,1.92,0.00
2025-11-12T22:45:33.996316,7,VPN_ON,13.30,1.98,0.00
2025-11-12T22:45:34.994694,7,VPN_ON,11.60,1.97,0.00
2025-11-12T22:45:35.999151,7,VPN_ON,15.40,2.08,0.00
2025-11-12T22:45:36.995888,7,VPN_ON,12.30,2.14,0.00
2025-11-12T22:45:39.553129,7,VPN_ON,11.60,2.05,0.00
2025-11-12T22:45:40.556559,7,VPN_ON,13.90,2.07,0.00
2025-11-12T22:45:41.558683,7,VPN_ON,15.60,2.05,0.00
2025-11-12T22:45:42.557335,7,VPN_ON,13.20,2.07,0.00
2025-11-12T22:45:43.556788,7,VPN_ON,12.00,2.01,0.00
2025-11-12T22:45:44.557763,7,VPN_ON,11.90,1.89,0.00
2025-11-12T22:45:45.558320,7,VPN_ON,11.50,1.80,0.00
2025-11-12T22:45:46.560600,7,VPN_ON,13.40,1.81,0.00
2025-11-12T22:45:47.559501,7,VPN_ON,11.90,1.79,0.00
2025-11-12T22:45:48.561936,7,VPN_ON,13.50,1.78,0.00
2025-11-12T22:45:49.568588,7,VPN_ON,19.60,2.05,0.00
2025-11-12T22:45:50.561793,7,VPN_ON,12.10,2.39,0.00
2025-11-12T22:45:51.562232,7,VPN_ON,11.40,2.28,0.00
2025-11-12T22:45:52.563265,7,VPN_ON,11.90,2.17,0.00
2025-11-12T22:45:53.568677,7,VPN_ON,16.90,2.35,0.00
2025-11-12T22:45:54.565286,7,VPN_ON,12.90,2.45,0.00
2025-11-12T22:45:55.563988,7,VPN_ON,12.40,2.33,0.00
2025-11-12T22:45:56.562291,7,VPN_ON,11.00,2.27,0.00
2025-11-12T22:45:57.565686,7,VPN_ON,14.50,2.35,0.00
2025-11-12T22:45:58.561167,7,VPN_ON,11.20,2.41,0.00
2025-11-12T22:45:59.564828,7,VPN_ON,14.60,2.47,0.00
2025-11-12T22:46:00.565092,7,VPN_ON,14.10,2.35,0.00
2025-11-12T22:46:01.565914,7,VPN_ON,13.80,2.22,0.00
2025-11-12T22:46:02.563468,7,VPN_ON,10.50,2.29,0.00
2025-11-12T22:46:03.566076,7,VPN_ON,12.60,2.27,0.00
2025-11-12T22:46:04.567160,7,VPN_ON,13.40,2.18,0.00
2025-11-12T22:46:05.566129,7,VPN_ON,11.90,2.14,0.00
2025-11-12T22:46:06.566362,7,VPN_ON,12.10,2.02,0.00
2025-11-12T22:46:07.567634,7,VPN_ON,13.20,1.96,0.00
2025-11-12T22:46:08.566867,7,VPN_ON,11.40,1.95,0.00
2025-11-12T22:46:09.574999,7,VPN_ON,19.20,2.32,0.00
2025-11-12T22:46:10.573777,7,VPN_ON,12.80,2.57,0.00
2025-11-12T22:46:13.182597,7,VPN_ON,12.40,2.44,0.00
2025-11-12T22:46:14.194645,7,VPN_ON,12.00,2.31,0.00
2025-11-12T22:46:15.208541,7,VPN_ON,13.80,2.28,0.00
2025-11-12T22:46:16.209957,7,VPN_ON,13.30,2.17,0.00
2025-11-12T22:46:17.209764,7,VPN_ON,12.60,2.07,0.00
2025-11-12T22:46:18.211870,7,VPN_ON,14.20,2.04,0.00
2025-11-12T22:46:19.212700,7,VPN_ON,14.10,1.92,0.00
2025-11-12T22:46:20.211843,7,VPN_ON,12.60,1.90,0.00
2025-11-12T22:46:21.211180,7,VPN_ON,11.40,1.85,0.00
2025-11-12T22:46:22.210103,7,VPN_ON,10.10,1.82,0.00
2025-11-12T22:46:23.220525,7,VPN_ON,20.80,2.37,0.00
2025-11-12T22:46:24.211392,7,VPN_ON,12.30,2.76,0.00
2025-11-12T22:46:25.210574,7,VPN_ON,11.60,2.63,0.00
2025-11-12T22:46:26.210301,7,VPN_ON,11.10,2.49,0.00
2025-11-12T22:46:27.212444,7,VPN_ON,13.10,2.46,0.00
2025-11-12T22:46:28.213655,7,VPN_ON,13.10,2.31,0.00
2025-11-12T22:46:29.213896,7,VPN_ON,12.20,2.22,0.00
2025-11-12T22:46:30.218749,7,VPN_ON,15.80,2.31,0.00
2025-11-12T22:46:31.220761,7,VPN_ON,17.00,2.24,0.00
2025-11-12T22:46:32.217754,7,VPN_ON,12.90,2.36,0.00
2025-11-12T22:46:33.217992,7,VPN_ON,12.20,2.25,0.00
2025-11-12T22:46:34.220140,7,VPN_ON,13.10,2.17,0.00
2025-11-12T22:46:35.220053,7,VPN_ON,11.90,2.11,0.00
2025-11-12T22:46:36.221693,7,VPN_ON,13.00,2.04,0.00
2025-11-12T22:46:37.232256,7,VPN_ON,22.50,2.51,0.00
2025-11-12T22:46:38.221620,7,VPN_ON,11.70,3.03,0.00
2025-11-12T22:46:39.222260,7,VPN_ON,12.00,2.86,0.00
2025-11-12T22:46:40.224273,7,VPN_ON,13.00,2.74,0.00
2025-11-12T22:46:41.224172,7,VPN_ON,11.90,2.64,0.00
2025-11-12T22:46:42.226982,7,VPN_ON,14.20,2.62,0.00
2025-11-12T22:46:43.223423,7,VPN_ON,10.40,2.69,0.00
2025-11-12T22:46:44.229140,7,VPN_ON,15.80,2.86,0.00
2025-11-12T22:46:46.827756,7,VPN_ON,20.40,2.97,0.00
2025-11-12T22:46:47.818677,7,VPN_ON,10.90,3.38,0.00
2025-11-12T22:46:48.824748,7,VPN_ON,16.00,3.49,0.00
2025-11-12T22:46:49.824337,7,VPN_ON,14.50,3.36,0.00
2025-11-12T22:46:50.821622,7,VPN_ON,11.70,3.33,0.00
2025-11-12T22:46:51.823991,7,VPN_ON,13.70,3.24,0.00
2025-11-12T22:46:52.823991,7,VPN_ON,13.60,3.05,0.00
2025-11-12T22:46:53.909598,7,VPN_ON,99.00,8.19,0.00
2025-11-12T22:46:54.934659,7,VPN_ON,128.00,9.49,0.00
2025-11-12T22:46:55.821813,7,VPN_ON,21.70,15.54,0.00
2025-11-12T22:46:56.858278,7,VPN_ON,58.50,16.87,0.00
2025-11-12T22:46:57.809994,7,VPN_ON,11.90,18.73,0.00
2025-11-12T22:46:58.829705,7,VPN_ON,31.20,18.77,0.00
2025-11-12T22:46:59.851255,7,VPN_ON,53.40,18.98,0.00
2025-11-12T22:47:00.809901,7,VPN_ON,13.70,20.28,0.00
2025-11-12T22:47:01.831433,7,VPN_ON,34.90,20.33,0.00
2025-11-12T22:47:02.809110,7,VPN_ON,12.60,20.46,0.00
2025-11-12T22:47:03.827759,7,VPN_ON,30.10,20.27,0.00
2025-11-12T22:47:04.847722,7,VPN_ON,51.50,20.34,0.00
2025-11-12T22:47:05.810544,7,VPN_ON,16.30,21.27,0.00
2025-11-12T22:47:06.821876,7,VPN_ON,27.80,20.66,0.00
2025-11-12T22:47:07.806092,7,VPN_ON,12.60,20.32,0.00
2025-11-12T22:47:08.806767,7,VPN_ON,12.60,19.05,0.00
2025-11-12T22:47:09.806626,7,VPN_ON,12.70,17.86,0.00
2025-11-12T22:47:10.807854,7,VPN_ON,13.20,16.78,0.00
2025-11-12T22:47:11.814980,7,VPN_ON,19.80,16.14,0.00
2025-11-12T22:47:12.808917,7,VPN_ON,13.80,15.51,0.00
2025-11-12T22:47:13.807629,7,VPN_ON,12.50,14.62,0.00
2025-11-12T22:47:14.811001,7,VPN_ON,15.60,13.90,0.00
2025-11-12T22:47:15.807344,7,VPN_ON,12.10,13.25,0.00
2025-11-12T22:47:16.808434,7,VPN_ON,12.40,12.44,0.00
2025-11-12T22:47:17.808737,7,VPN_ON,12.90,11.70,0.00
2025-11-12T22:47:18.812770,7,VPN_ON,16.80,11.21,0.00
2025-11-12T22:47:21.413000,7,VPN_ON,12.30,10.79,0.00
2025-11-12T22:47:22.415277,7,VPN_ON,13.20,10.17,0.00
2025-11-12T22:47:23.445918,7,VPN_ON,43.20,11.41,0.00
2025-11-12T22:47:24.443392,7,VPN_ON,41.20,10.82,0.00
2025-11-12T22:47:25.411864,7,VPN_ON,10.90,12.04,0.00
2025-11-12T22:47:26.416833,7,VPN_ON,15.60,11.58,0.00
2025-11-12T22:47:27.417471,7,VPN_ON,16.10,10.89,0.00
2025-11-12T22:47:28.419767,7,VPN_ON,18.20,10.34,0.00
2025-11-12T22:47:29.415958,7,VPN_ON,14.00,9.96,0.00
2025-11-12T22:47:30.421341,7,VPN_ON,19.40,9.67,0.00
2025-11-12T22:47:31.448132,7,VPN_ON,46.00,10.73,0.00
2025-11-12T22:47:32.414155,7,VPN_ON,14.00,12.06,0.00
2025-11-12T22:47:33.410185,7,VPN_ON,11.10,11.49,0.00
2025-11-12T22:47:34.469668,7,VPN_ON,69.70,14.43,0.00
2025-11-12T22:47:35.409383,7,VPN_ON,12.70,17.09,0.00
2025-11-12T22:47:36.425805,7,VPN_ON,28.30,17.00,0.00
2025-11-12T22:47:37.408521,7,VPN_ON,11.60,16.98,0.00
2025-11-12T22:47:38.412817,7,VPN_ON,15.30,16.15,0.00
2025-11-12T22:47:39.418184,7,VPN_ON,20.20,15.45,0.00
2025-11-12T22:47:40.417805,7,VPN_ON,19.40,14.53,0.00
2025-11-12T22:47:41.412586,7,VPN_ON,13.70,13.98,0.00
2025-11-12T22:47:42.434727,7,VPN_ON,35.00,14.44,0.00
2025-11-12T22:47:43.434889,7,VPN_ON,36.40,13.62,0.00
2025-11-12T22:47:44.446746,7,VPN_ON,48.40,13.52,0.00
2025-11-12T22:47:45.409055,7,VPN_ON,11.70,14.97,0.00
2025-11-12T22:47:46.415196,7,VPN_ON,17.00,14.36,0.00
2025-11-12T22:47:47.412100,7,VPN_ON,13.00,13.72,0.00
2025-11-12T22:47:48.416037,7,VPN_ON,16.20,13.06,0.00
2025-11-12T22:47:49.414585,7,VPN_ON,15.20,12.31,0.00
2025-11-12T22:47:50.412770,7,VPN_ON,12.00,11.74,0.00
2025-11-12T22:47:51.412660,7,VPN_ON,10.80,11.08,0.00
2025-11-12T22:47:52.434344,7,VPN_ON,32.60,11.75,0.00
2025-11-12T22:47:55.084958,7,VPN_ON,13.20,12.23,0.00
2025-11-12T22:47:56.152449,7,VPN_ON,79.50,15.61,0.00
2025-11-12T22:47:57.083441,7,VPN_ON,11.10,18.91,0.00
2025-11-12T22:47:58.087482,7,VPN_ON,14.30,17.92,0.00
2025-11-12T22:47:59.126811,7,VPN_ON,52.60,19.20,0.00
2025-11-12T22:48:00.131479,7,VPN_ON,57.50,18.30,0.00
2025-11-12T22:48:01.086254,7,VPN_ON,13.60,19.90,0.00
2025-11-12T22:48:02.084929,7,VPN_ON,11.50,18.79,0.00
2025-11-12T22:48:03.088207,7,VPN_ON,14.10,17.78,0.00
2025-11-12T22:48:04.100388,7,VPN_ON,25.70,17.39,0.00
2025-11-12T22:48:05.106106,7,VPN_ON,31.60,16.67,0.00
2025-11-12T22:48:06.112040,7,VPN_ON,37.70,16.01,0.00
2025-11-12T22:48:07.087675,7,VPN_ON,14.10,16.49,0.00
2025-11-12T22:48:08.085794,7,VPN_ON,11.70,15.61,0.00
2025-11-12T22:48:09.088602,7,VPN_ON,13.50,14.74,0.00
2025-11-12T22:48:10.086907,7,VPN_ON,12.10,13.91,0.00
2025-11-12T22:48:11.088617,7,VPN_ON,13.40,13.12,0.00
2025-11-12T22:48:12.089524,7,VPN_ON,13.80,12.33,0.00
2025-11-12T22:48:13.087686,7,VPN_ON,11.40,11.71,0.00
2025-11-12T22:48:14.113556,7,VPN_ON,37.00,12.57,0.00
2025-11-12T22:48:15.107666,7,VPN_ON,31.70,12.12,0.00
2025-11-12T22:48:16.090182,7,VPN_ON,14.70,12.43,0.00
2025-11-12T22:48:17.088064,7,VPN_ON,12.00,11.82,0.00
2025-11-12T22:48:18.123369,7,VPN_ON,46.00,13.20,0.00
2025-11-12T22:48:19.090468,7,VPN_ON,13.90,14.38,0.00
2025-11-12T22:48:20.101622,7,VPN_ON,24.40,14.14,0.00
2025-11-12T22:48:21.092695,7,VPN_ON,15.00,13.85,0.00
2025-11-12T22:48:22.089680,7,VPN_ON,11.00,13.23,0.00
2025-11-12T22:48:23.151520,7,VPN_ON,72.00,16.22,0.00
2025-11-12T22:48:24.088992,7,VPN_ON,11.60,18.98,0.00
2025-11-12T22:48:25.093776,7,VPN_ON,15.60,18.04,0.00
2025-11-12T22:48:26.091643,7,VPN_ON,13.30,17.06,0.00
2025-11-12T22:48:28.434081,7,VPN_ON,12.90,16.02,0.00
2025-11-12T22:48:29.433832,7,VPN_ON,11.80,15.08,0.00
2025-11-12T22:48:30.436288,7,VPN_ON,13.60,14.25,0.00
2025-11-12T22:48:31.436996,7,VPN_ON,13.50,13.37,0.00
2025-11-12T22:48:32.502624,7,VPN_ON,78.20,16.58,0.00
2025-11-12T22:48:33.434052,7,VPN_ON,12.40,19.65,0.00
2025-11-12T22:48:34.435093,7,VPN_ON,12.80,18.45,0.00
2025-11-12T22:48:35.465606,7,VPN_ON,42.50,19.15,0.00
2025-11-12T22:48:36.433823,7,VPN_ON,11.10,19.92,0.00
2025-11-12T22:48:37.437685,7,VPN_ON,13.90,18.85,0.00
2025-11-12T22:48:38.436531,7,VPN_ON,12.20,17.78,0.00
2025-11-12T22:48:39.439880,7,VPN_ON,14.80,16.83,0.00
2025-11-12T22:48:40.439140,7,VPN_ON,13.00,15.89,0.00
2025-11-12T22:48:41.444592,7,VPN_ON,18.40,15.23,0.00
2025-11-12T22:48:42.439452,7,VPN_ON,12.90,14.63,0.00
2025-11-12T22:48:43.441040,7,VPN_ON,13.90,13.77,0.00
2025-11-12T22:48:44.439953,7,VPN_ON,11.80,13.04,0.00
2025-11-12T22:48:45.442710,7,VPN_ON,14.00,12.37,0.00
2025-11-12T22:48:46.443977,7,VPN_ON,15.00,11.66,0.00
2025-11-12T22:48:47.442538,7,VPN_ON,12.50,11.08,0.00
2025-11-12T22:48:48.443908,7,VPN_ON,13.20,10.43,0.00
2025-11-12T22:48:49.442424,7,VPN_ON,10.70,9.94,0.00
2025-11-12T22:48:50.450660,7,VPN_ON,18.10,9.78,0.00
2025-11-12T22:48:51.444439,7,VPN_ON,11.80,9.56,0.00
2025-11-12T22:48:52.443212,7,VPN_ON,10.30,9.06,0.00
2025-11-12T22:48:53.446131,7,VPN_ON,11.90,8.59,0.00
2025-11-12T22:48:54.445455,7,VPN_ON,10.50,8.14,0.00
2025-11-12T22:48:55.448272,7,VPN_ON,12.70,7.77,0.00
2025-11-12T22:48:56.447947,7,VPN_ON,11.80,7.34,0.00
2025-11-12T22:48:57.448128,7,VPN_ON,11.80,6.88,0.00
2025-11-12T22:48:58.451069,7,VPN_ON,14.10,6.60,0.00
2025-11-12T22:48:59.449771,7,VPN_ON,11.90,6.32,0.00
2025-11-12T22:49:01.998731,7,VPN_ON,13.10,6.00,0.00
2025-11-12T22:49:03.000180,7,VPN_ON,13.70,5.66,0.00
2025-11-12T22:49:03.998162,7,VPN_ON,10.90,5.49,0.00
2025-11-12T22:49:04.999905,7,VPN_ON,12.00,5.21,0.00
2025-11-12T22:49:06.001256,7,VPN_ON,12.30,4.90,0.00
2025-11-12T22:49:07.004380,7,VPN_ON,14.10,4.71,0.00
2025-11-12T22:49:08.003215,7,VPN_ON,11.90,4.55,0.00
2025-11-12T22:49:09.002995,7,VPN_ON,11.00,4.32,0.00
2025-11-12T22:49:10.003149,7,VPN_ON,10.30,4.10,0.00
2025-11-12T22:49:11.006428,7,VPN_ON,12.50,3.98,0.00
2025-11-12T22:49:12.007236,7,VPN_ON,13.00,3.76,0.00
2025-11-12T22:49:13.006956,7,VPN_ON,11.50,3.62,0.00
2025-11-12T22:49:14.008807,7,VPN_ON,12.90,3.48,0.00
2025-11-12T22:49:15.009005,7,VPN_ON,12.10,3.31,0.00
2025-11-12T22:49:16.013384,7,VPN_ON,15.20,3.30,0.00
2025-11-12T22:49:17.010638,7,VPN_ON,12.30,3.28,0.00
2025-11-12T22:49:18.012325,7,VPN_ON,13.80,3.16,0.00
2025-11-12T22:49:19.011781,7,VPN_ON,12.90,3.02,0.00
2025-11-12T22:49:20.013723,7,VPN_ON,13.80,2.89,0.00
2025-11-12T22:49:21.011087,7,VPN_ON,10.40,2.92,0.00
2025-11-12T22:49:22.012457,7,VPN_ON,11.30,2.80,0.00
2025-11-12T22:49:23.014712,7,VPN_ON,12.10,2.67,0.00
2025-11-12T22:49:24.014168,7,VPN_ON,10.60,2.60,0.00
2025-11-12T22:49:25.016453,7,VPN_ON,12.20,2.54,0.00
2025-11-12T22:49:26.018650,7,VPN_ON,13.10,2.43,0.00
2025-11-12T22:49:27.018261,7,VPN_ON,11.90,2.36,0.00
2025-11-12T22:49:28.020336,7,VPN_ON,13.00,2.28,0.00
2025-11-12T22:49:29.021555,7,VPN_ON,13.80,2.19,0.00
2025-11-12T22:49:30.021536,7,VPN_ON,12.90,2.11,0.00
2025-11-12T22:49:31.022744,7,VPN_ON,13.70,2.02,0.00
2025-11-12T22:49:32.027460,7,VPN_ON,17.60,2.14,0.00
2025-11-12T22:49:33.021964,7,VPN_ON,11.60,2.38,0.00
2025-11-12T22:49:34.028971,7,VPN_ON,17.80,2.62,0.00
2025-11-12T22:49:36.558887,7,VPN_ON,11.40,2.86,0.00
2025-11-12T22:49:37.564910,7,VPN_ON,17.20,3.04,0.00
2025-11-12T22:49:38.567973,7,VPN_ON,20.10,3.03,0.00
2025-11-12T22:49:39.561192,7,VPN_ON,13.20,3.27,0.00
2025-11-12T22:49:40.561233,7,VPN_ON,12.20,3.13,0.00
2025-11-12T22:49:41.597116,7,VPN_ON,46.70,5.09,0.00
2025-11-12T22:49:42.569085,7,VPN_ON,19.90,6.45,0.00
2025-11-12T22:49:43.560199,7,VPN_ON,11.70,6.56,0.00
2025-11-12T22:49:44.561067,7,VPN_ON,11.80,6.15,0.00
2025-11-12T22:49:45.561584,7,VPN_ON,11.50,5.79,0.00
2025-11-12T22:49:46.600933,7,VPN_ON,51.70,7.94,0.00
2025-11-12T22:49:47.559885,7,VPN_ON,11.80,9.94,0.00
2025-11-12T22:49:48.562361,7,VPN_ON,13.30,9.41,0.00
2025-11-12T22:49:49.561702,7,VPN_ON,12.40,8.88,0.00
2025-11-12T22:49:50.561418,7,VPN_ON,11.70,8.37,0.00
2025-11-12T22:49:51.563611,7,VPN_ON,13.20,7.94,0.00
2025-11-12T22:49:52.566649,7,VPN_ON,14.70,7.54,0.00
2025-11-12T22:49:53.568252,7,VPN_ON,16.30,7.16,0.00
2025-11-12T22:49:54.565752,7,VPN_ON,13.40,6.90,0.00
2025-11-12T22:49:55.582922,7,VPN_ON,29.90,7.50,0.00
2025-11-12T22:49:56.565969,7,VPN_ON,13.10,8.08,0.00
2025-11-12T22:49:57.565082,7,VPN_ON,11.20,7.69,0.00
2025-11-12T22:49:58.595659,7,VPN_ON,40.50,9.04,0.00
2025-11-12T22:49:59.582659,7,VPN_ON,27.90,9.27,0.00
2025-11-12T22:50:00.575529,7,VPN_ON,20.70,9.14,0.00
2025-11-12T22:50:01.568821,7,VPN_ON,13.30,9.03,0.00
2025-11-12T22:50:02.568446,7,VPN_ON,12.70,8.50,0.00
2025-11-12T22:50:03.571110,7,VPN_ON,14.70,8.10,0.00
2025-11-12T22:50:04.598542,7,VPN_ON,41.20,9.25,0.00
2025-11-12T22:50:05.574750,7,VPN_ON,18.60,10.08,0.00
2025-11-12T22:50:06.569703,7,VPN_ON,13.70,9.76,0.00
2025-11-12T22:50:07.574669,7,VPN_ON,18.50,9.45,0.00
2025-11-12T22:50:10.121836,7,VPN_ON,26.10,9.33,0.00
2025-11-12T22:50:11.117189,7,VPN_ON,21.10,9.06,0.00
2025-11-12T22:50:12.141716,7,VPN_ON,46.40,10.08,0.00
2025-11-12T22:50:13.114888,7,VPN_ON,20.90,11.04,0.00
2025-11-12T22:50:14.116567,7,VPN_ON,22.60,10.46,0.00
2025-11-12T22:50:15.105653,7,VPN_ON,11.10,10.52,0.00
2025-11-12T22:50:16.109692,7,VPN_ON,14.10,10.05,0.00
2025-11-12T22:50:17.109778,7,VPN_ON,13.90,9.44,0.00
2025-11-12T22:50:18.109603,7,VPN_ON,12.90,8.91,0.00
2025-11-12T22:50:19.108987,7,VPN_ON,11.40,8.45,0.00
2025-11-12T22:50:20.116009,7,VPN_ON,18.00,8.33,0.00
2025-11-12T22:50:21.110310,7,VPN_ON,11.10,8.24,0.00
2025-11-12T22:50:22.114454,7,VPN_ON,13.90,7.90,0.00
2025-11-12T22:50:23.113116,7,VPN_ON,11.40,7.56,0.00
2025-11-12T22:50:24.116118,7,VPN_ON,14.10,7.26,0.00
2025-11-12T22:50:25.151553,7,VPN_ON,49.00,8.99,0.00
2025-11-12T22:50:26.113430,7,VPN_ON,11.70,10.76,0.00
2025-11-12T22:50:27.112927,7,VPN_ON,11.30,10.11,0.00
2025-11-12T22:50:28.148468,7,VPN_ON,45.30,11.60,0.00
2025-11-12T22:50:29.114924,7,VPN_ON,13.40,12.87,0.00
2025-11-12T22:50:30.114110,7,VPN_ON,12.70,12.11,0.00
2025-11-12T22:50:31.123508,7,VPN_ON,21.40,11.90,0.00
2025-11-12T22:50:32.151670,7,VPN_ON,49.00,12.88,0.00
2025-11-12T22:50:33.125894,7,VPN_ON,23.90,13.64,0.00
2025-11-12T22:50:34.129111,7,VPN_ON,26.00,12.92,0.00
2025-11-12T22:50:35.115567,7,VPN_ON,12.60,12.95,0.00
2025-11-12T22:50:36.147092,7,VPN_ON,43.90,14.10,0.00
2025-11-12T22:50:37.121230,7,VPN_ON,19.40,14.75,0.00
2025-11-12T22:50:38.126358,7,VPN_ON,24.30,14.13,0.00
2025-11-12T22:50:39.115056,7,VPN_ON,12.70,13.97,0.00
2025-11-12T22:50:40.117599,7,VPN_ON,14.90,13.24,0.00
2025-11-12T22:50:41.117733,7,VPN_ON,14.20,12.45,0.00
2025-11-12T22:50:43.660355,7,VPN_ON,24.40,12.31,0.00
2025-11-12T22:50:44.648909,7,VPN_ON,12.50,12.29,0.00
2025-11-12T22:50:45.647238,7,VPN_ON,10.40,11.65,0.00
2025-11-12T22:50:46.660186,7,VPN_ON,22.10,11.65,0.00
2025-11-12T22:50:47.653998,7,VPN_ON,15.70,11.33,0.00
2025-11-12T22:50:48.675821,7,VPN_ON,36.80,11.94,0.00
2025-11-12T22:50:49.648949,7,VPN_ON,10.30,12.85,0.00
2025-11-12T22:50:50.711921,7,VPN_ON,72.30,15.92,0.00
2025-11-12T22:50:51.655030,7,VPN_ON,18.20,18.31,0.00
2025-11-12T22:50:52.676205,7,VPN_ON,39.20,18.47,0.00
2025-11-12T22:50:53.659391,7,VPN_ON,23.10,18.33,0.00
2025-11-12T22:50:54.648003,7,VPN_ON,11.30,17.92,0.00
2025-11-12T22:50:55.681531,7,VPN_ON,44.70,18.89,0.00
2025-11-12T22:50:56.689901,7,VPN_ON,54.60,18.32,0.00
2025-11-12T22:50:57.646638,7,VPN_ON,12.70,19.80,0.00
2025-11-12T22:50:58.645050,7,VPN_ON,10.80,18.68,0.00
2025-11-12T22:50:59.647187,7,VPN_ON,12.10,17.59,0.00
2025-11-12T22:51:00.664854,7,VPN_ON,28.90,17.54,0.00
2025-11-12T22:51:01.647808,7,VPN_ON,12.20,17.49,0.00
2025-11-12T22:51:02.650291,7,VPN_ON,13.40,16.47,0.00
2025-11-12T22:51:03.661127,7,VPN_ON,23.90,16.10,0.00
2025-11-12T22:51:04.671260,7,VPN_ON,33.80,15.71,0.00
2025-11-12T22:51:05.674083,7,VPN_ON,36.20,14.88,0.00
2025-11-12T22:51:06.648943,7,VPN_ON,11.80,15.47,0.00
2025-11-12T22:51:07.653010,7,VPN_ON,15.10,14.71,0.00
2025-11-12T22:51:08.651302,7,VPN_ON,12.40,13.96,0.00
2025-11-12T22:51:09.678094,7,VPN_ON,38.60,14.73,0.00
2025-11-12T22:51:10.653763,7,VPN_ON,14.80,15.29,0.00
2025-11-12T22:51:11.665534,7,VPN_ON,25.60,15.01,0.00
2025-11-12T22:51:12.651859,7,VPN_ON,12.10,14.92,0.00
2025-11-12T22:51:13.654635,7,VPN_ON,13.80,14.09,0.00
2025-11-12T22:51:14.674094,7,VPN_ON,32.60,14.39,0.00
2025-11-12T22:51:17.197891,7,VPN_ON,33.30,13.53,0.00
2025-11-12T22:51:18.200133,7,VPN_ON,36.10,12.86,0.00
2025-11-12T22:51:19.184506,7,VPN_ON,20.30,13.04,0.00
2025-11-12T22:51:20.177169,7,VPN_ON,12.60,12.71,0.00
2025-11-12T22:51:21.178077,7,VPN_ON,13.00,11.94,0.00
2025-11-12T22:51:22.177624,7,VPN_ON,11.30,11.30,0.00
2025-11-12T22:51:23.239505,7,VPN_ON,71.60,14.36,0.00
2025-11-12T22:51:24.177752,7,VPN_ON,12.40,17.17,0.00
2025-11-12T22:51:25.177813,7,VPN_ON,12.20,16.11,0.00
2025-11-12T22:51:26.184117,7,VPN_ON,16.90,15.39,0.00
2025-11-12T22:51:27.181489,7,VPN_ON,14.00,14.61,0.00
2025-11-12T22:51:28.180532,7,VPN_ON,11.80,13.84,0.00
2025-11-12T22:51:29.186020,7,VPN_ON,16.10,13.24,0.00
2025-11-12T22:51:30.186093,7,VPN_ON,15.50,12.45,0.00
2025-11-12T22:51:31.181664,7,VPN_ON,11.10,11.95,0.00
2025-11-12T22:51:32.183700,7,VPN_ON,12.00,11.26,0.00
2025-11-12T22:51:33.184730,7,VPN_ON,12.00,10.55,0.00
2025-11-12T22:51:34.223386,7,VPN_ON,50.30,12.29,0.00
2025-11-12T22:51:35.184406,7,VPN_ON,13.50,13.82,0.00
2025-11-12T22:51:41.212560,8,VPN_OFF,15.80,0.00,0.00
2025-11-12T22:51:42.195569,8,VPN_OFF,13.80,0.12,0.00
2025-11-12T22:51:43.211730,8,VPN_OFF,29.10,1.07,0.00
2025-11-12T22:51:44.242294,8,VPN_OFF,59.40,2.90,0.00
2025-11-12T22:51:45.246822,8,VPN_OFF,65.70,3.11,0.00
2025-11-12T22:51:46.247893,8,VPN_OFF,68.00,3.06,0.00
2025-11-12T22:51:47.197570,8,VPN_OFF,19.40,5.91,0.00
2025-11-12T22:51:48.223380,8,VPN_OFF,44.20,7.09,0.00
2025-11-12T22:51:49.195395,8,VPN_OFF,16.90,8.35,0.00
2025-11-12T22:51:50.194318,8,VPN_OFF,14.80,7.96,0.00
2025-11-12T22:51:51.214272,8,VPN_OFF,34.30,8.68,0.00
2025-11-12T22:51:52.192954,8,VPN_OFF,13.70,9.43,0.00
2025-11-12T22:51:53.197649,8,VPN_OFF,17.60,9.08,0.00
2025-11-12T22:51:54.194128,8,VPN_OFF,14.30,8.72,0.00
2025-11-12T22:51:55.193780,8,VPN_OFF,14.50,8.19,0.00
2025-11-12T22:51:56.206680,8,VPN_OFF,28.00,8.52,0.00
2025-11-12T22:51:57.198074,8,VPN_OFF,20.30,8.47,0.00
2025-11-12T22:51:58.235854,8,VPN_OFF,58.10,10.30,0.00
2025-11-12T22:51:59.189272,8,VPN_OFF,13.20,12.46,0.00
2025-11-12T22:52:00.192349,8,VPN_OFF,15.00,11.80,0.00
2025-11-12T22:52:01.193033,8,VPN_OFF,15.50,11.09,0.00
2025-11-12T22:52:02.193921,8,VPN_OFF,16.30,10.45,0.00
2025-11-12T22:52:03.191030,8,VPN_OFF,13.90,9.95,0.00
2025-11-12T22:52:04.192637,8,VPN_OFF,14.50,9.36,0.00
2025-11-12T22:52:07.471547,8,VPN_OFF,11.70,8.95,0.00
2025-11-12T22:52:08.476315,8,VPN_OFF,16.50,8.69,0.00
2025-11-12T22:52:09.473871,8,VPN_OFF,14.50,8.27,0.00
2025-11-12T22:52:10.472467,8,VPN_OFF,13.40,7.83,0.00
2025-11-12T22:52:11.472488,8,VPN_OFF,13.80,7.36,0.00
2025-11-12T22:52:12.470969,8,VPN_OFF,12.40,6.99,0.00
2025-11-12T22:52:13.472865,8,VPN_OFF,14.60,6.69,0.00
2025-11-12T22:52:14.479609,8,VPN_OFF,21.50,6.70,0.00
2025-11-12T22:52:15.470805,8,VPN_OFF,13.00,6.81,0.00
2025-11-12T22:52:16.470692,8,VPN_OFF,11.80,6.46,0.00
2025-11-12T22:52:17.470650,8,VPN_OFF,11.80,6.06,0.00
2025-11-12T22:52:18.481717,8,VPN_OFF,22.90,6.37,0.00
2025-11-12T22:52:19.471664,8,VPN_OFF,14.70,6.49,0.00
2025-11-12T22:52:20.472083,8,VPN_OFF,15.30,6.12,0.00
2025-11-12T22:52:21.470317,8,VPN_OFF,13.70,5.84,0.00
2025-11-12T22:52:22.480373,8,VPN_OFF,23.80,6.10,0.00
2025-11-12T22:52:23.469347,8,VPN_OFF,12.40,6.44,0.00
2025-11-12T22:52:24.470118,8,VPN_OFF,13.30,6.09,0.00
2025-11-12T22:52:25.471227,8,VPN_OFF,14.30,5.77,0.00
2025-11-12T22:52:26.469165,8,VPN_OFF,12.30,5.54,0.00
2025-11-12T22:52:27.472671,8,VPN_OFF,14.40,5.32,0.00
2025-11-12T22:52:28.469949,8,VPN_OFF,11.40,5.18,0.00
2025-11-12T22:52:29.488555,8,VPN_OFF,28.20,5.90,0.00
2025-11-12T22:52:30.501760,8,VPN_OFF,41.10,6.34,0.00
2025-11-12T22:52:31.473088,8,VPN_OFF,13.30,7.68,0.00
2025-11-12T22:52:32.474596,8,VPN_OFF,13.40,7.21,0.00
2025-11-12T22:52:33.482078,8,VPN_OFF,20.30,7.19,0.00
2025-11-12T22:52:34.477206,8,VPN_OFF,14.70,7.09,0.00
2025-11-12T22:52:35.478011,8,VPN_OFF,15.00,6.66,0.00
2025-11-12T22:52:36.485651,8,VPN_OFF,21.30,6.64,0.00
2025-11-12T22:52:37.478855,8,VPN_OFF,14.30,6.66,0.00
2025-11-12T22:52:38.478188,8,VPN_OFF,13.40,6.30,0.00
2025-11-12T22:52:39.511746,8,VPN_OFF,46.20,7.96,0.00
2025-11-12T22:52:40.476443,8,VPN_OFF,13.30,9.52,0.00
2025-11-12T22:52:41.488292,8,VPN_OFF,25.10,9.66,0.00
2025-11-12T22:52:42.477324,8,VPN_OFF,14.10,9.74,0.00
2025-11-12T22:52:43.483400,8,VPN_OFF,19.20,9.45,0.00
2025-11-12T22:52:44.476024,8,VPN_OFF,11.70,9.33,0.00
2025-11-12T22:52:45.485498,8,VPN_OFF,21.20,9.34,0.00
2025-11-12T22:52:46.482230,8,VPN_OFF,17.60,8.98,0.00
2025-11-12T22:52:47.481788,8,VPN_OFF,16.70,8.48,0.00
2025-11-12T22:52:48.480392,8,VPN_OFF,14.40,8.09,0.00
2025-11-12T22:52:49.478124,8,VPN_OFF,12.40,7.71,0.00
2025-11-12T22:52:50.520512,8,VPN_OFF,54.70,9.87,0.00
2025-11-12T22:52:51.477464,8,VPN_OFF,12.80,11.88,0.00
2025-11-12T22:52:52.477286,8,VPN_OFF,12.30,11.16,0.00
2025-11-12T22:52:53.478433,8,VPN_OFF,13.00,10.51,0.00
2025-11-12T22:52:56.717078,8,VPN_OFF,13.60,9.89,0.00
2025-11-12T22:52:57.735953,8,VPN_OFF,31.70,10.40,0.00
2025-11-12T22:52:58.718751,8,VPN_OFF,14.50,10.83,0.00
2025-11-12T22:52:59.764827,8,VPN_OFF,60.30,13.01,0.00
2025-11-12T22:53:00.746709,8,VPN_OFF,43.70,13.24,0.00
2025-11-12T22:53:01.761281,8,VPN_OFF,58.40,13.33,0.00
2025-11-12T22:53:02.713969,8,VPN_OFF,12.80,15.35,0.00
2025-11-12T22:53:03.756811,8,VPN_OFF,55.60,17.06,0.00
2025-11-12T22:53:04.714517,8,VPN_OFF,14.70,18.55,0.00
2025-11-12T22:53:05.712988,8,VPN_OFF,13.00,17.50,0.00
2025-11-12T22:53:06.758378,8,VPN_OFF,57.90,19.21,0.00
2025-11-12T22:53:07.713147,8,VPN_OFF,13.70,20.77,0.00
2025-11-12T22:53:08.713465,8,VPN_OFF,13.20,19.51,0.00
2025-11-12T22:53:09.712435,8,VPN_OFF,12.00,18.36,0.00
2025-11-12T22:53:10.714906,8,VPN_OFF,14.00,17.34,0.00
2025-11-12T22:53:11.717039,8,VPN_OFF,15.40,16.34,0.00
2025-11-12T22:53:12.751811,8,VPN_OFF,50.40,17.51,0.00
2025-11-12T22:53:13.736748,8,VPN_OFF,37.00,17.25,0.00
2025-11-12T22:53:14.721271,8,VPN_OFF,21.30,17.16,0.00
2025-11-12T22:53:15.748301,8,VPN_OFF,48.00,17.75,0.00
2025-11-12T22:53:16.711313,8,VPN_OFF,12.60,18.86,0.00
2025-11-12T22:53:17.714960,8,VPN_OFF,15.70,17.87,0.00
2025-11-12T22:53:18.715016,8,VPN_OFF,14.80,16.81,0.00
2025-11-12T22:53:19.725096,8,VPN_OFF,24.00,16.33,0.00
2025-11-12T22:53:20.714028,8,VPN_OFF,13.80,15.95,0.00
2025-11-12T22:53:21.746856,8,VPN_OFF,46.70,17.01,0.00
2025-11-12T22:53:22.713718,8,VPN_OFF,15.60,17.89,0.00
2025-11-12T22:53:23.710285,8,VPN_OFF,12.40,16.97,0.00
2025-11-12T22:53:24.745723,8,VPN_OFF,48.40,18.16,0.00
2025-11-12T22:53:25.712894,8,VPN_OFF,16.10,19.05,0.00
2025-11-12T22:53:26.710322,8,VPN_OFF,13.30,18.03,0.00
2025-11-12T22:53:27.756062,8,VPN_OFF,58.50,19.73,0.00
2025-11-12T22:53:28.711862,8,VPN_OFF,16.40,21.13,0.00
2025-11-12T22:53:31.265062,8,VPN_OFF,16.00,19.83,0.00
2025-11-12T22:53:32.296114,8,VPN_OFF,45.30,20.42,0.00
2025-11-12T22:53:33.318566,8,VPN_OFF,68.30,20.58,0.00
2025-11-12T22:53:34.263319,8,VPN_OFF,15.30,22.61,0.00
2025-11-12T22:53:35.337807,8,VPN_OFF,89.20,25.82,0.00
2025-11-12T22:53:36.260370,8,VPN_OFF,14.50,28.87,0.00
2025-11-12T22:53:37.336855,8,VPN_OFF,90.00,31.79,0.00
2025-11-12T22:53:38.257778,8,VPN_OFF,13.90,34.55,0.00
2025-11-12T22:53:39.265352,8,VPN_OFF,20.50,32.81,0.00
2025-11-12T22:53:40.289380,8,VPN_OFF,44.40,32.25,0.00
2025-11-12T22:53:41.365423,8,VPN_OFF,122.00,35.09,0.00
2025-11-12T22:53:42.299144,8,VPN_OFF,59.80,36.78,0.00
2025-11-12T22:53:43.273355,8,VPN_OFF,34.80,36.04,0.00
2025-11-12T22:53:44.255450,8,VPN_OFF,17.20,34.89,0.00
2025-11-12T22:53:45.256536,8,VPN_OFF,18.80,32.81,0.00
2025-11-12T22:53:46.251145,8,VPN_OFF,13.70,31.08,0.00
2025-11-12T22:53:47.252331,8,VPN_OFF,13.70,29.14,0.00
2025-11-12T22:53:48.251544,8,VPN_OFF,12.10,27.41,0.00
2025-11-12T22:53:49.252446,8,VPN_OFF,13.60,25.80,0.00
2025-11-12T22:53:50.252958,8,VPN_OFF,13.50,24.19,0.00
2025-11-12T22:53:51.300495,8,VPN_OFF,60.30,25.60,0.00
2025-11-12T22:53:52.250516,8,VPN_OFF,12.30,27.00,0.00
2025-11-12T22:53:53.261379,8,VPN_OFF,23.00,25.98,0.00
2025-11-12T22:53:54.252411,8,VPN_OFF,14.10,24.92,0.00
2025-11-12T22:53:55.253300,8,VPN_OFF,14.20,23.36,0.00
2025-11-12T22:53:56.276910,8,VPN_OFF,36.60,23.30,0.00
2025-11-12T22:53:57.316823,8,VPN_OFF,77.10,24.38,0.00
2025-11-12T22:53:58.272467,8,VPN_OFF,35.60,25.45,0.00
2025-11-12T22:53:59.249386,8,VPN_OFF,13.30,25.25,0.00
2025-11-12T22:54:00.256046,8,VPN_OFF,19.70,24.07,0.00
2025-11-12T22:54:01.248608,8,VPN_OFF,11.70,23.07,0.00
2025-11-12T22:54:02.261822,8,VPN_OFF,24.10,22.40,0.00
2025-11-12T22:54:04.823857,8,VPN_OFF,15.50,21.54,0.00
2025-11-12T22:54:05.822102,8,VPN_OFF,13.20,20.34,0.00
2025-11-12T22:54:06.821988,8,VPN_OFF,12.80,19.09,0.00
2025-11-12T22:54:07.822599,8,VPN_OFF,12.50,17.92,0.00
2025-11-12T22:54:08.823034,8,VPN_OFF,12.40,16.80,0.00
2025-11-12T22:54:09.843376,8,VPN_OFF,32.10,16.98,0.00
2025-11-12T22:54:11.062375,8,VPN_OFF,251.00,29.60,0.00
2025-11-12T22:54:12.101692,8,VPN_OFF,301.00,30.88,0.00
2025-11-12T22:54:13.128222,8,VPN_OFF,342.00,31.51,0.00
2025-11-12T22:54:14.073820,8,VPN_OFF,304.00,31.92,0.00
2025-11-12T22:54:14.793225,8,VPN_OFF,38.00,46.55,0.00
2025-11-12T22:54:15.778250,8,VPN_OFF,23.10,44.57,0.00
2025-11-12T22:54:16.801272,8,VPN_OFF,45.90,43.21,0.00
2025-11-12T22:54:17.767103,8,VPN_OFF,13.00,42.56,0.00
2025-11-12T22:54:18.771832,8,VPN_OFF,16.60,40.13,0.00
2025-11-12T22:54:19.788291,8,VPN_OFF,33.20,38.66,0.00
2025-11-12T22:54:20.768726,8,VPN_OFF,15.10,37.37,0.00
2025-11-12T22:54:21.766757,8,VPN_OFF,12.00,35.23,0.00
2025-11-12T22:54:22.766488,8,VPN_OFF,11.70,33.05,0.00
2025-11-12T22:54:23.791530,8,VPN_OFF,36.70,32.55,0.00
2025-11-12T22:54:24.814462,8,VPN_OFF,60.10,31.97,0.00
2025-11-12T22:54:25.776237,8,VPN_OFF,23.50,32.26,0.00
2025-11-12T22:54:26.799734,8,VPN_OFF,46.40,31.68,0.00
2025-11-12T22:54:27.810625,8,VPN_OFF,58.70,30.47,0.00
2025-11-12T22:54:28.817434,8,VPN_OFF,66.80,29.07,0.00
2025-11-12T22:54:29.813119,8,VPN_OFF,66.10,27.30,0.00
2025-11-12T22:54:30.757705,8,VPN_OFF,13.80,28.86,0.00
2025-11-12T22:54:31.775291,8,VPN_OFF,30.40,28.09,0.00
2025-11-12T22:54:32.812248,8,VPN_OFF,67.80,28.67,0.00
2025-11-12T22:54:33.756203,8,VPN_OFF,13.80,30.26,0.00
2025-11-12T22:54:34.798776,8,VPN_OFF,55.20,30.95,0.00
2025-11-12T22:54:35.760901,8,VPN_OFF,16.80,31.42,0.00
2025-11-12T22:54:38.277530,8,VPN_OFF,21.60,29.76,0.00
2025-11-12T22:54:39.340078,8,VPN_OFF,83.30,31.75,0.00
2025-11-12T22:54:40.365919,8,VPN_OFF,110.00,31.44,0.00
2025-11-12T22:54:41.270045,8,VPN_OFF,14.90,35.41,0.00
2025-11-12T22:54:42.356694,8,VPN_OFF,100.00,38.52,0.00
2025-11-12T22:54:43.354744,8,VPN_OFF,99.90,36.12,0.00
2025-11-12T22:54:44.273891,8,VPN_OFF,22.10,38.72,0.00
2025-11-12T22:54:45.279758,8,VPN_OFF,27.50,36.64,0.00
2025-11-12T22:54:46.268250,8,VPN_OFF,15.90,35.08,0.00
2025-11-12T22:54:47.265845,8,VPN_OFF,13.30,33.05,0.00
2025-11-12T22:54:48.267043,8,VPN_OFF,14.10,31.03,0.00
2025-11-12T22:54:49.266319,8,VPN_OFF,12.00,29.22,0.00
2025-11-12T22:54:50.277461,8,VPN_OFF,21.80,28.01,0.00
2025-11-12T22:54:51.269364,8,VPN_OFF,14.20,26.73,0.00
2025-11-12T22:54:52.270779,8,VPN_OFF,15.00,25.11,0.00
2025-11-12T22:54:53.279608,8,VPN_OFF,23.60,24.08,0.00
2025-11-12T22:54:54.267073,8,VPN_OFF,12.30,23.28,0.00
2025-11-12T22:54:55.266590,8,VPN_OFF,11.40,21.88,0.00
2025-11-12T22:54:56.272484,8,VPN_OFF,16.80,20.85,0.00
2025-11-12T22:54:57.267001,8,VPN_OFF,11.70,19.87,0.00
2025-11-12T22:54:58.274941,8,VPN_OFF,19.10,19.09,0.00
2025-11-12T22:54:59.267802,8,VPN_OFF,12.80,18.29,0.00
2025-11-12T22:55:00.274234,8,VPN_OFF,18.50,17.50,0.00
2025-11-12T22:55:01.278203,8,VPN_OFF,22.10,16.63,0.00
2025-11-12T22:55:02.270061,8,VPN_OFF,13.80,16.11,0.00
2025-11-12T22:55:03.271053,8,VPN_OFF,14.40,15.14,0.00
2025-11-12T22:55:04.271970,8,VPN_OFF,14.90,14.23,0.00
2025-11-12T22:55:05.273781,8,VPN_OFF,16.20,13.42,0.00
2025-11-12T22:55:06.271287,8,VPN_OFF,13.70,12.74,0.00
2025-11-12T22:55:07.275845,8,VPN_OFF,17.10,12.15,0.00
2025-11-12T22:55:08.308343,8,VPN_OFF,16.00,11.46,0.00
2025-11-12T22:55:09.358227,8,VPN_OFF,32.00,11.75,0.00
2025-11-12T22:55:10.385601,8,VPN_OFF,25.60,11.41,0.00
2025-11-12T22:55:11.484550,8,VPN_OFF,90.60,14.76,0.00
2025-11-12T22:55:12.605746,8,VPN_OFF,205.00,20.99,0.00
2025-11-12T22:55:13.405152,8,VPN_OFF,13.50,31.65,0.00
2025-11-12T22:55:14.406921,8,VPN_OFF,15.30,29.78,0.00
2025-11-12T22:55:15.405373,8,VPN_OFF,13.50,28.03,0.00
2025-11-12T22:55:16.434956,8,VPN_OFF,42.50,28.09,0.00
2025-11-12T22:55:17.413252,8,VPN_OFF,21.30,27.66,0.00
2025-11-12T22:55:18.407851,8,VPN_OFF,15.40,26.30,0.00
2025-11-12T22:55:19.459352,8,VPN_OFF,66.50,27.85,0.00
2025-11-12T22:55:20.404631,8,VPN_OFF,13.40,29.43,0.00
2025-11-12T22:55:21.415905,8,VPN_OFF,24.30,28.27,0.00
2025-11-12T22:55:22.420552,8,VPN_OFF,28.70,26.78,0.00
2025-11-12T22:55:23.414301,8,VPN_OFF,22.60,25.49,0.00
2025-11-12T22:55:24.406666,8,VPN_OFF,14.30,24.41,0.00
2025-11-12T22:55:27.518844,8,VPN_OFF,2125.00,154.81,0.00
2025-11-12T22:55:28.518009,8,VPN_OFF,43.10,275.25,0.00
2025-11-12T22:55:29.518018,8,VPN_OFF,43.10,258.05,0.00
2025-11-12T22:55:30.490646,8,VPN_OFF,15.50,243.64,0.00
2025-11-12T22:55:31.489468,8,VPN_OFF,13.80,228.52,0.00
2025-11-12T22:55:32.524601,8,VPN_OFF,48.30,216.40,0.00
2025-11-12T22:55:33.510624,8,VPN_OFF,35.20,203.69,0.00
2025-11-12T22:55:34.487587,8,VPN_OFF,12.10,192.40,0.00
2025-11-12T22:55:35.501798,8,VPN_OFF,25.20,181.20,0.00
2025-11-12T22:55:36.490264,8,VPN_OFF,13.60,170.60,0.00
2025-11-12T22:55:37.489755,8,VPN_OFF,12.60,160.00,0.00
2025-11-12T22:55:38.491978,8,VPN_OFF,14.30,150.10,0.00
